,Inchi,tag,Tb_K,Tm_K,logP_c16,logP_c16_err,logP_d18,logP_d18_err,logP_o18,logP_o18_err,logP_bcr,logP_bcr_err,logP_dcg,logP_dcg_err,logP_pcc,logP_pcc_err,logP_pcs,logP_pcs_err,logP_tro,logP_tro_err,logP_trs,logP_trs_err,logP_bdo,logP_bdo_err,logP_wat,logP_wat_err,logS,z_logP_c16,z_logP_d18,z_logP_o18,z_logP_bcr,z_logP_pcc,z_logP_tro,z_logP_trs,z_logP_dcg,Gi,Bi,bad_rejection_score,composite,composite_std,det_front,P_pareto,P_beats_CCCCCC,Name_synonyms1,Name_synonyms2,Name_synonyms3
0,"InChI=1S/C9H13N/c1-6-4-8(3)9(10)5-7(6)2/h4-5H,10H2,1-3H3",new,519.6700000000001,338.43,6.499697954681893,1.1961038957205443,7.209758570303751,0.6937005612269188,7.1138462886627005,0.9981843236761434,13.610310705767358,2.969029364077859,12.502012301077295,1.8675999962961616,4.898383019986507,4.077277509968344,-10.747949422552525,2.4489912832040117,22.4838878646008,2.637136368908539,24.425711600613944,2.396855520623064,-0.5099934614918384,0.674058262390878,-1.7432796249352345,0.3392393510510245,-2.096860000000001,-0.12415108577657563,-0.592312412319005,0.5098799802550396,-2.18900643652364,0.6572985075027787,-1.0926494477605742,-0.8240593954647474,-0.3906060853478618,-0.0688611726135137,-0.7678045715188089,0.7678045715188089,0.6989433989052952,1.2998602090435254,False,0.0039,0.4404,"2,4,5-TRIMETHYLANILINE",137-17-7,Pseudocumidine
1,"InChI=1S/C9H13N/c1-6-4-7(2)9(10)8(3)5-6/h4-5H,10H2,1-3H3",new,519.6700000000001,338.43,6.476020969037784,1.1913907254146985,7.183064911556469,0.6975543439476339,7.105065065614309,0.991971154763428,13.557106729559418,2.968778283323532,12.760871063073212,1.86902828798175,4.68062448272819,4.142980580038639,-10.76880702260508,2.647004524883421,22.404042869033837,2.64323351998928,24.28991569774525,2.4334090671149786,-0.5831366329606958,0.7973122308925505,-1.7896375622355736,0.3735283613355407,-2.09686,-0.17911717249006584,-0.636363165519972,0.4963668475443509,-2.2310513627423436,0.6307095378070982,-1.1307734680963022,-0.8965028920298573,-0.2122783098270443,-0.1063711634885623,-0.7679792989776899,0.7679792989776899,0.6616081354891276,1.2976735959076504,False,0.0032,0.4259,"2,4,6-TRIMETHYLANILINE",88-05-1,Mesidine
2,"InChI=1S/C10H15N/c1-3-8-6-5-7-9(4-2)10(8)11/h5-7H,3-4,11H2,1-2H3",new,537.5699999999999,337.18,6.51971639558515,1.295227547315527,7.098179122428846,0.69824864261499,7.045727361523404,1.1469119577403082,13.793038131239836,2.2577118632424047,12.684431565789048,2.475923347758892,3.862089092101012,4.358340037414636,-11.808392024394996,3.5288786701169363,20.783396079271395,6.4512518161355965,23.89545253784266,2.9593107724193937,-0.5738383812418067,0.8312377798911587,-2.059227200023913,0.5069606266323724,-2.2839,-0.07767830519983393,-0.776444485302,0.4050540240675723,-2.044604426190857,0.5307639146859685,-1.9045924248287804,-1.1069384793030401,-0.26493747194120776,-0.14968958881142058,-0.9580617775155833,0.9580617775155833,0.8083721887041627,1.4941494762140202,False,0.0106,0.4167,"2,6-Diethylaniline","2,6-Diethylaniline","2,6-Diethylaniline"
3,"InChI=1S/C8H7N/c1-2-4-8-7(3-1)5-6-9-8/h1-6,9H",new,473.42,346.83000000000004,7.5376372701078065,1.0433487780024664,7.736936409198906,0.7022444750370116,6.837621718018024,1.1656269743512253,16.94418574475199,1.316850276192458,12.019388518115967,2.1939365171421423,5.6751164703431005,4.323873837058429,-10.38650609528679,3.652490267425636,25.55466920684972,2.5970468027324727,25.11511780102648,1.5664592880264283,-0.9102297948056064,0.944964782452259,-2.037893140990635,0.5020998683795718,-2.1547,2.285423480538087,0.27765378804513974,0.08480715605905927,0.4456186427870532,0.7521399884990156,0.37357306884400365,-0.45627955338922604,-0.723085561666662,0.8826281415474285,0.07839331701483684,-0.07839331701483684,0.8042348245325917,1.180619026846509,False,0.0019,0.4111,Indole,Indole,Indole
4,"InChI=1S/C9H21N/c1-2-3-4-5-6-7-8-9-10/h2-10H2,1H3",new,478.05,274.45,6.636520443347759,0.3826441542642625,7.181894916077264,0.6923807030547,6.705072189655361,0.9211166176806104,14.240910594833863,0.5546369221033293,12.367997911930832,1.5564696519179564,0.5280233121591367,3.251058852282463,-15.57507235704082,2.2104200908793885,23.351945603862493,2.1656846383193717,23.88909935522311,2.620570751807485,-1.1849036128749366,0.3517587183611785,-2.141507618161445,0.2485257892141585,-2.1957000000000004,0.193482116752094,-0.6382939305225772,-0.11916891397505745,-1.6906691373394593,0.12366449574966373,-0.678173240839818,-1.110327732981202,-0.48292858476801626,-0.1879935759151802,-0.7676868400357664,0.7676868400357664,0.5796932641205862,0.7980643932325271,False,0.0,0.4073,n-Nonylamine,n-Nonylamine,n-Nonylamine
5,"InChI=1S/C10H23N/c1-2-3-4-5-6-7-8-9-10-11/h2-11H2,1H3",new,500.93,285.72,6.618853958868004,0.3904798637394783,7.112537400623476,0.7771110404046719,6.579261320957985,0.9962914818098798,14.21478215723425,0.5643219311396145,12.187589516629822,1.701235383180093,-0.1368653827718074,3.5464390044583145,-16.153431075281006,2.436234710614566,23.265312422769718,2.6031894632353474,23.358980779781223,3.0529904001533983,-1.244265992050462,0.4029245972968897,-2.1285356003675022,0.2534817608680721,-2.5858000000000008,0.15246939949015767,-0.7527499826064148,-0.3127750842984644,-1.711317372854643,0.042479594422244735,-0.719538452701592,-1.3931318705718572,-0.6072119104366169,-0.30435188913824046,-0.8777440024284928,0.8777440024284928,0.5733921132902524,0.8794953469758789,False,0.0002,0.3755,n-Decylamine,n-Decylamine,n-Decylamine
6,"InChI=1S/C10H15N/c1-2-3-9-11-10-7-5-4-6-8-10/h4-8,11H,2-3,9H2,1H3",new,505.25,281.54,6.544656174583099,0.924202251487248,7.394194626877954,0.7337577084384398,7.170431891360214,0.97729782284633,14.74604045490288,1.4819770525576832,14.256464369916108,1.5834688140866482,4.192905238783797,3.636711907887024,-12.714984736176312,2.5007578327498674,24.468449514714173,2.751061890255904,24.837848030728807,2.1813693332701574,-0.7749047880735865,0.6729487891507673,-2.223973697353814,0.354977413836802,-2.398600000000001,-0.01978064560659826,-0.2879499685480775,0.5969576862365412,-1.2914856700275437,0.571157557156831,-0.14507010143852905,-0.6041955893508597,0.8180357712444078,0.0964090240272885,-0.1303116064831387,0.1303116064831387,0.22672063051042718,1.0766795939603235,False,0.0002,0.359,N-Butylaniline,N-Butylaniline,N-Butylaniline
7,"InChI=1S/C10H15N/c1-3-11(4-2)10-8-6-5-7-9-10/h5-9H,3-4H2,1-2H3",new,467.52,261.35,6.157933409191602,1.4929301440141514,7.630546529218908,0.7614110571893122,6.920915450068618,1.2223035783955072,12.836907766650716,2.179185038545729,13.949253218368744,2.0289792661261585,3.11381665807847,4.813210904112703,-15.750125179454724,3.480394121991734,25.22233613436285,2.449300324397865,25.634047970681628,2.457468362059122,-1.4257504028048755,0.8371577111873605,-3.014467129809928,0.4655648671070179,-2.032800000000001,-0.9175569662962595,0.10208571060589841,0.21298511589056818,-2.800195145153189,0.439397609039191,0.21489220570714082,-0.17944413222563604,0.6063980393468327,-0.20082871326659765,-0.343790284657132,0.343790284657132,0.14296157139053436,1.4957451747859078,False,0.0024,0.3504,"N,N-Diethylaniline","N,N-Diethylaniline","N,N-Diethylaniline"
8,"InChI=1S/C11H17N/c1-4-12(5-2)11-9-7-6-8-10(11)3/h6-9H,4-5H2,1-3H3",new,495.38,285.14,6.143157620733343,1.7660174520830845,7.456327307704434,0.7841053523316807,6.721782374860425,1.340751794573539,12.201412381994164,2.5104427962627,13.704493391572989,2.500097110016101,2.0760389156600123,5.432328101980675,-15.860065347936638,3.98611907044208,24.728958814379634,2.6683342756933848,25.403698595048496,3.117170363082693,-1.3469356735586586,0.9072185207392242,-3.0457360429620346,0.5060032880311968,-2.3412200000000007,-0.9518589370734786,-0.1854165760778345,-0.09345416455440839,-3.3024011542639182,0.31268183802313454,-0.020683322184929527,-0.30232938759736583,0.4377830188900937,-0.41024322590190715,-0.5749898014265972,0.5749898014265972,0.16474657552469002,1.7308562641289813,False,0.0073,0.3411,"N,N-Diethyl-o-toluidine",606-46-2,2-(Dimethylamino)toluene
9,"InChI=1S/C11H25N/c1-2-3-4-5-6-7-8-9-10-11-12/h2-12H2,1H3",new,523.81,296.99,6.605042719943623,0.3968286320220793,7.057185939566229,0.8707203752091361,6.464841069773602,1.0736566910084475,14.193566173689184,0.5724992605909296,12.020461318865909,1.866554368603403,-0.7221280188592992,3.82648171185396,-16.689008159215852,2.6803410048434992,23.190529032307733,3.0698122530910346,22.85577430178078,3.528879241786924,-1.2896840741585085,0.4467205125206191,-2.106048743068836,0.2577216294906076,-2.975900000000001,0.12040662901129974,-0.8440927832853984,-0.48885261137234604,-1.728083496862427,-0.02898272660025821,-0.7552456811697352,-1.6615791211182527,-0.7223465093361979,-0.4041795885488149,-0.9792475070173742,0.9792475070173742,0.5750679184685592,0.9683873401569584,False,0.0006,0.3285,Undecylamine,Undecylamine,Undecylamine
10,"InChI=1S/C8H18/c1-6(2)8(5)7(3)4/h6-8H,1-5H3",new,381.32,134.92000000000002,6.749586288626883,0.3764598122900709,7.493025770673608,0.7431144386682648,6.975404818820075,0.7175187780391591,16.915110333782884,0.7209222166495325,12.60416724918401,1.798620228772436,-6.707843230688918,2.451625939793295,-24.732896790357227,2.1768807406413666,24.20476793065717,2.5196182766770727,26.395685493328376,2.4330504760194853,-2.9090371229956964,0.1949285147904412,-4.141660575447196,0.2550792690789775,-2.4345000000000017,0.4559643072370461,-0.12485556604864448,0.29683699702402694,0.4226415347566924,-0.759856484194963,-0.27097156841670184,0.22686919601277233,-0.32023155170699374,0.2093152460708095,-0.14030977470983874,0.14030977470983874,0.3496250207806483,0.768560585615292,False,0.0,0.4246,"2,3,4-Trimethylpentane","2,3,4-Trimethylpentane","2,3,4-Trimethylpentane"
11,"InChI=1S/C9H20/c1-6-8(4)9(5)7(2)3/h7-9H,6H2,1-5H3",new,404.2,146.19,6.715616074415144,0.3860273480226867,7.299603186374678,0.6966457238265643,6.8513344775610605,0.7074393236824054,16.82108753159051,0.7516443960582613,12.155158714065257,1.9840394909810024,-6.991231763350572,2.548582984230324,-24.415431212510367,2.318873094999098,23.54494114793566,2.302155140857024,26.07606675675737,2.5531066207249955,-2.968476516103065,0.1961908912633451,-4.137995995588257,0.2762690894081299,-2.824600000000002,0.37710250581922516,-0.44404787329701384,0.10590926660945252,0.3483391599566638,-0.7944590729242661,-0.5860226183154579,0.056361114724670355,-0.6295534871138052,0.01298796637722128,-0.32106698073443896,0.32106698073443896,0.3340549471116602,0.7635552691005904,False,0.0,0.412,"2,3,4-TRIMETHYLHEXANE","Hexane, 2,3,4-trimethyl-",EINECS 213-066-2
12,"InChI=1S/C9H20/c1-7(2)6-9(5)8(3)4/h7-9H,6H2,1-5H3",new,404.2,146.19,6.774797605029908,0.3813214387041264,7.353107624311426,0.690130611757009,6.884814128393055,0.7033044562082883,16.932582203407144,0.7419053580369497,12.70369144762053,1.5684675428070671,-6.984399134151619,2.488401657696885,-24.59421844045385,2.326930264786771,23.67501583534516,2.249311001666237,26.392034589091967,2.588740220311826,-2.9877811001839003,0.1905537330152473,-4.139358099297972,0.2736662297202673,-2.824600000000002,0.5144923405095051,-0.3557530908911292,0.1574299901245147,0.43644883867667966,-0.7936247884319099,-0.5239151563167351,0.22492153586307279,-0.2516693412535695,0.10538974658096352,-0.18156778229249243,0.18156778229249243,0.28695752887345594,0.7402082912350377,False,0.0,0.4115,"2,3,5-TRIMETHYLHEXANE",1069-53-0,"Hexane, 2,3,5-trimethyl-"
13,"InChI=1S/C10H22/c1-8(2)6-7-10(5)9(3)4/h8-10H,6-7H2,1-5H3",new,427.08,157.46,6.792530599485349,0.3866599497768803,7.218207926503413,0.6550112037700139,6.783177163235692,0.7288060201941353,16.94201355031488,0.7579911126106417,12.363010269430308,1.843300031826656,-7.225906905233839,2.7357659935536067,-24.434206696883763,2.5113236612002376,23.189052598892488,2.044265152424421,26.215908967427072,3.1480313551030386,-3.0198237950369418,0.1929937159242968,-4.135536775355556,0.2880120183252785,-3.214700000000003,0.5556594605803873,-0.5783690069513804,0.0010242376553638568,0.44390204637170094,-0.8231136107184,-0.7559506417893392,0.13096320870760642,-0.48636457119302096,-0.007228436238543079,-0.29811271372429055,0.29811271372429055,0.29088427748574747,0.7702912362222294,False,0.0,0.3978,"Heptane, 2,3,6-trimethyl-",4032-93-3,DTXSID00871050
14,"InChI=1S/C9H20/c1-6-9(7(2)3)8(4)5/h7-9H,6H2,1-5H3",new,404.2,146.19,6.705838398730641,0.3868472955342285,7.276341486871908,0.699426390501175,6.841353759931696,0.7087872276400008,16.761250239327996,0.7624432848920982,12.464386116614408,1.721957916300895,-7.024970505030115,2.547127812831812,-24.40408561835197,2.3245999093332896,23.47813725265293,2.3270412867408923,25.99210419105751,2.5575585217456176,-2.926281120898587,0.1978573962131661,-4.140956996582753,0.276234052429459,-2.824600000000002,0.3544036463609694,-0.48243509452932015,0.09055027149792066,0.3010521953795878,-0.7985786743478538,-0.6179198342170942,0.011569322694265197,-0.4165267601006385,-0.012493725556810035,-0.30408075011834673,0.30408075011834673,0.2915870245615367,0.7538890162051526,False,0.0,0.397,"2,4-Dimethyl-3-ethylpentane","2,4-Dimethyl-3-ethylpentane","2,4-Dimethyl-3-ethylpentane"
15,"InChI=1S/C9H20/c1-7(2)9(5,6)8(3)4/h7-8H,1-6H3",new,401.41,163.61,6.749201611804114,0.7426605538359561,7.75766829124648,0.6017171129657041,6.855516907629667,0.8122396229406453,17.12662757492075,1.1536265220166428,11.82019006465376,2.8086908389828773,-5.951809924505682,3.125668469825365,-24.87147104576997,1.9533306160069224,25.4572367340912,1.7518719762785748,26.73128419026519,2.1754879416013035,-2.9117760027789488,0.2184059012601676,-4.133073714389108,0.2732388462187057,-2.824600000000002,0.45507128056909074,0.3118662213468224,0.11234546943208898,0.5897949588328842,-0.6675425528096457,0.3270514609908112,0.4059021604484194,-0.8603133565429383,0.29309432378266737,-0.041021465816093824,0.041021465816093824,0.3341157895987612,0.9402718623907287,False,0.0001,0.3875,"2,3,3,4-Tetramethylpentane","2,3,3,4-Tetramethylpentane","2,3,3,4-Tetramethylpentane"
16,"InChI=1S/C10H22/c1-7(2)10(8(3)4)9(5)6/h7-10H,1-6H3",new,426.64,142.46,6.805653562172657,0.7508618098559273,7.116094822934062,1.2114477432898023,6.882128579393132,0.8177492092425604,16.70279181791355,1.418313864832393,12.452083616507538,2.513475986541916,-6.642821784595298,3.3045683960742824,-22.477884890739,3.6219223994656446,22.521853645443876,5.065774350860386,25.20175357502956,4.952754557303829,-2.9184342637268967,0.2068291256704756,-4.069743370516293,0.3583178997767591,-3.0706000000000024,0.5861243988056628,-0.7468794073616041,0.15329728789875152,0.25485489603440264,-0.7519171708549688,-1.074521721775426,-0.4100616759435673,-0.42500195120673406,-0.002485906885729916,-0.4813295247492587,0.4813295247492587,0.4788436178635288,1.283585782600443,False,0.003,0.3868,"2,4-Dimethyl-3-(propan-2-yl)pentane",DTXSID30871220,RefChem:1059765
17,"InChI=1S/C10H22/c1-7-10(6,8-2)9(3,4)5/h7-8H2,1-6H3",new,421.94,207.3,6.673447603946572,0.7968092578962777,7.650048381767425,0.6611783616618452,6.598282398854771,0.8430316472204451,17.011734854298574,1.2299630733263167,11.408905896061254,2.85749020447692,-6.121583800682534,3.605979042671648,-23.749812857593227,2.680315980414006,25.119911248053075,2.1601106315779184,25.65882253575117,2.744602465074843,-2.927138729086284,0.2582995296709129,-4.163148972785662,0.3191634170791113,-3.358800000000003,0.2792084647791021,0.13426830879183888,-0.28350417881033907,0.49899994113071716,-0.6882724516490637,0.16598684325040886,-0.16622756175772666,-1.14364697958324,0.04332419825353397,-0.26663204172178084,0.26663204172178084,0.3099562399753148,1.0140630871659144,False,0.0003,0.3812,"3-Ethyl-2,2,3-trimethylpentane",52897-17-3,RefChem:93807
18,"InChI=1S/C10H22/c1-7-8-10(5,6)9(2,3)4/h7-8H2,1-6H3",new,421.94,207.3,6.6913617385873865,0.7816384405396715,7.6661467782840145,0.6526179879021926,6.605724296287033,0.8365389214105065,17.072207579544685,1.206028120510526,11.758980617121294,2.541222698889962,-6.123310515970796,3.4960855004377454,-23.90563893077872,2.615426923570996,25.121485943261145,2.096758831797588,25.765263175972997,2.645652991972984,-2.948878863223731,0.253799592735077,-4.166700038606537,0.3137786313750194,-3.358800000000003,0.32079610151904936,0.16083441194754888,-0.2720520898396676,0.5467890624038985,-0.688483288758142,0.16673872145778756,-0.1094443157878242,-0.9024805388904109,0.06985947454231022,-0.19737607191493822,0.19737607191493822,0.26723554645724845,0.9822659045706368,False,0.0001,0.3803,"2,2,3,3-Tetramethylhexane","2,2,3,3-Tetramethylhexane","2,2,3,3-Tetramethylhexane"
19,"InChI=1S/C10H20/c1-3-5-7-9-10-8-6-4-2/h3H,1,4-10H2,2H3",new,425.08,200.7,6.690822754857478,0.3716148840138543,7.449547774483554,0.5021576456774539,6.693563772936839,0.7384429368653651,17.102197664671046,0.534080712571441,13.008515796744248,1.2235100998991102,-6.293898428897195,2.526649605276113,-25.48059795528542,1.7886389688954745,24.49958429245509,1.598356408359569,25.32876855122965,1.2431981702764603,-2.680514088491282,0.2443444115573985,-4.020382967930197,0.2216177632171699,-3.4230000000000036,0.31954485159726304,-0.19660438467155839,-0.1368788345123551,0.5704890000082297,-0.7093125839231297,-0.13020401131835838,-0.34230256983146323,-0.04167587730943172,-0.0046461225288834855,-0.13060120847483064,0.13060120847483064,0.12595508594594715,0.6186423367240573,False,0.0,0.3793,1-Decene,1-Decene,1-Decene
