SMILES,Inchi,tag,Tb_K,Tm_K,logP_c16,logP_c16_err,logP_d18,logP_d18_err,logP_o18,logP_o18_err,logP_bcr,logP_bcr_err,logP_dcg,logP_dcg_err,logP_pcc,logP_pcc_err,logP_pcs,logP_pcs_err,logP_tro,logP_tro_err,logP_trs,logP_trs_err,logP_bdo,logP_bdo_err,logP_wat,logP_wat_err,logS,z_logP_c16,z_logP_d18,z_logP_o18,z_logP_bcr,z_logP_pcc,z_logP_tro,z_logP_trs,z_logP_dcg,Gi,Bi,bad_rejection_score,composite,composite_std,det_front,P_pareto,P_beats_CCCCCC,Name_synonyms1,Name_synonyms2,Name_synonyms3
CCCCCCCCCCCO,"InChI=1S/C11H24O/c1-2-3-4-5-6-7-8-9-10-11-12/h12H,2-11H2,1H3",new,543.46,274.55,7.7076015141780125,0.2959943244277373,8.016532948347704,0.5077711196474552,7.361623594555108,0.7588182690288426,14.018559786229371,0.4547989031436464,13.872046402892222,1.2921314733880926,9.09946089322297,2.426298277363059,-6.3187795118701855,1.6815310486827153,22.803582590114257,1.2769592089241508,23.589295008711265,1.683411800464372,0.1788281189496733,0.2175610439849601,-0.621138483597706,0.2016397848981202,-3.0095000000000023,2.6799952186039224,0.7390531884979729,0.891176252855063,-1.8663838866639637,1.1702627001680317,-0.9400030842639595,-1.270265365029915,0.5532102718058923,1.436741553318986,-0.4706358727967828,0.4706358727967828,1.9073774261157688,0.607857335032242,False,0.0005,0.9216,1-Undecanol,1-Undecanol,1-Undecanol
CCCCCCCCCCCCO,"InChI=1S/C12H26O/c1-2-3-4-5-6-7-8-9-10-11-12-13/h13H,2-12H2,1H3",new,566.3399999999999,285.82,7.699809693238485,0.2968602702323549,7.898045825611561,0.5773818290675452,7.191444299921264,0.8624721182481137,13.987903383931446,0.4570128234708295,13.634244638068678,1.631429735564844,7.902527381523805,2.8083922154574883,-7.216505008007758,1.9346415366654448,22.70691619434228,1.625064357203236,23.15574811214732,2.3598697648149547,0.0006785371005765,0.2385631090268261,-0.5997690449076416,0.2136632248110215,-3.3996000000000035,2.6619065179620565,0.5435218433737654,0.629292984393978,-1.8906103874749092,1.0241135329711522,-0.9861589092098282,-1.501551084617592,0.3893886595531995,1.2782404485766,-0.5929636377555956,0.5929636377555956,1.8712040863321955,0.7051918710634478,False,0.0013,0.9095,1-Dodecanol,1-Dodecanol,1-Dodecanol
CCCCCCCCCCO,"InChI=1S/C10H22O/c1-2-3-4-5-6-7-8-9-10-11/h11H,2-10H2,1H3",dft,520.5799999999999,263.28,7.717496539251875,0.2950615594858871,8.14755743508363,0.460347628666157,7.544555673182325,0.6847723270469744,14.055657210317984,0.4523734073775525,14.151816178239002,1.060598367436588,10.32127897373616,2.158273301832505,-5.445433900510324,1.5203595090440982,22.94825050814372,1.055686528084188,24.040338031958917,1.282893625504581,0.3222102812731466,0.2053172848122495,-0.6364699198626665,0.1961067323686296,-2.619400000000002,2.7029665044938307,0.9552741038520907,1.1726843573536256,-1.8370673097860704,1.3194503477589148,-0.8709277137949706,-1.0296459279549022,0.745943642354644,1.6103083218998488,-0.33444939228447684,0.33444939228447684,1.9447577141843257,0.5456943063684951,False,0.0004,0.9048,1-DECANOL,1-DECANOL,1-DECANOL
C1CCCCC(CCCC1)O,"InChI=1S/C10H20O/c11-10-8-6-4-2-1-3-5-7-9-10/h10-11H,1-9H2",new,557.21,256.58,7.27135662402019,0.3944693841084007,8.781083666723946,0.8106464581931679,7.758886133327331,0.7532515462842859,12.75524983537034,0.6766183535944021,13.611386859349189,1.66943643544754,9.979112501185448,3.7601482822252255,-6.60410871491302,2.906484581025279,23.60461827961517,1.3639039560753436,24.36327683967112,2.794390315481841,-0.2904047549940334,0.2908347106463302,-1.120327789635421,0.3820484059718421,-2.3718000000000017,1.667253359434938,2.0007399180566825,1.5025103890945046,-2.8647260682262488,1.2776707964996386,-0.5575282566391578,-0.8573666771599724,0.37364193805548235,1.723501222195375,-0.5256616534940516,0.5256616534940516,2.2491628756894264,0.7873667623798851,True,0.0081,0.8956,CYCLODECANOL,1502-05-2,Cyclodecyl alcohol
C=CC1(CCCCC1)CCCO,"InChI=1S/C11H20O/c1-2-11(9-6-10-12)7-4-3-5-8-11/h2,12H,1,3-10H2",new,559.9300000000001,304.07,7.150720892595068,0.4472515252671537,8.061595782210619,0.5185601944016976,7.719155640638591,0.7609421018817428,13.42932062601874,0.770515275384359,11.882135470023016,2.2549256861535287,10.619775662249006,3.124046182669937,-7.607289812701439,3.329498388313998,23.6524972341068,1.834721321655592,23.2654578444722,3.337159583639435,-0.3193075010665033,0.4212896176746348,-1.4242090040090916,0.3882421755805643,-2.454600000000002,1.387197689598921,0.8134173583491208,1.4413704525041968,-2.332035493592731,1.3558976875741806,-0.5346672342077461,-1.4430238650996265,-0.8176391729145356,1.213995166817413,-0.7542936156480918,0.7542936156480918,1.9682887824655046,0.7925635570700073,False,0.004,0.8867,3-(1-vinylcyclohexyl)-1-propanol,3-(1-vinyl-cyclohexyl)-propan-1-ol,-
CCCCCCCCCCCCCO,"InChI=1S/C13H28O/c1-2-3-4-5-6-7-8-9-10-11-12-13-14/h14H,2-13H2,1H3",new,589.22,297.09000000000003,7.693532114382888,0.2976554786008822,7.79269041001867,0.6683381033498701,7.035929466306477,0.9851125398934824,13.962132891949151,0.4590297844105747,13.41195710608843,2.014470103010064,6.785634114371212,3.249592790269874,-8.119426511095945,2.2778361926539863,22.644833561595014,2.086275842021073,22.772582536094163,3.2321857307446944,-0.1390579161135302,0.2599050889931822,-0.5628254395557077,0.2300383409516988,-3.7897000000000043,2.647333128050263,0.36966087307345424,0.38997636829887916,-1.910975753209615,0.8877375193942338,-1.0158018384447276,-1.7059597118757763,0.23625480077087463,1.135656789807532,-0.7017489966730021,0.7017489966730021,1.837405786480534,0.8311287852020044,False,0.0038,0.857,1-Tridecanol,1-Tridecanol,1-Tridecanol
C=CCCCCCCCCCCO,"InChI=1S/C12H24O/c1-2-3-4-5-6-7-8-9-10-11-12-13/h2,13H,1,3-12H2",new,563.02,284.06,8.048746818300312,0.3741108790510526,7.977424552911303,0.5861573979295907,7.417427141512696,0.8412250757464157,14.184259767366528,0.6735304424616017,13.585535328445433,1.5862235321779818,9.290284076483834,2.7736032421596097,-6.017666111954113,2.6202157731543663,23.91730126732503,2.1434541763803363,23.589457613244534,1.8704090717023496,0.0049365988081646,0.3105985721212318,-0.3946643591860663,0.3001732088567982,-3.1756000000000024,3.4719635312152084,0.6745152286864431,0.9770504792139048,-1.7354379691234487,1.193562782455679,-0.40822982537943553,-1.2701786198432157,0.35583282097430285,1.7078430797051851,-0.37289016218322363,0.37289016218322363,2.080733241888409,0.720680985162742,False,0.0031,0.8528,11-Dodecen-1-ol,35289-31-7,Dodec-11-enol
CC1(CCCCC1=C)CCO,"InChI=1S/C10H18O/c1-9-5-3-4-6-10(9,2)7-8-11/h11H,1,3-8H2,2H3",new,539.53,308.24,6.853049925150761,0.6468631023276243,8.111312893512885,0.5298683497314592,7.802964560121274,0.7678390221024726,13.292193415660709,1.2777890514903942,11.856108938450856,2.243319745604017,10.648326487977268,3.520145048178675,-6.953889938458843,3.305274005249784,23.359638651342504,1.8290974792206245,23.652658271246267,3.1919327662194696,-0.4047366702048951,0.4728631301531708,-1.351213331982184,0.3822854736192969,-2.1062000000000007,0.6961549844772275,0.8954621698369495,1.5703412171764823,-2.44040151908576,1.3593838289196971,-0.6745,-1.236462752470631,-0.8355688479388599,1.0539861238302197,-0.7655098581151109,0.7655098581151109,1.8194959819453307,0.883658046018709,False,0.0048,0.84,2-(1-methyl-2-methylenecyclohexyl)ethanol,2-(1-methyl-2-methylidenecyclohexyl)ethanol,-
CCCCCCC/C(=C/CO)/C,"InChI=1S/C11H22O/c1-3-4-5-6-7-8-11(2)9-10-12/h9,12H,3-8,10H2,1-2H3/b11-9+",new,547.5,255.51,7.143403666771954,0.4558894665618598,7.9988219433592915,0.5287203300439509,7.469477302293953,0.7924778077895519,13.770529455320736,0.7305015652570946,13.47985689227494,1.4042888850638369,8.141302893447174,3.2325845071094594,-5.582842295274862,2.2702398955255223,23.058569281454,1.9441213289062007,24.815563599220727,1.7590638508100542,-0.1850590669327143,0.3562759944349362,-0.5700757954523548,0.2784693111675043,-2.7855000000000025,1.3702107608090424,0.7098259058286344,1.0571487441564706,-2.0623921121074233,1.0532687382298547,-0.8182532145701993,-0.6160837399011161,0.2830309567550035,1.0457284702647158,-0.43208587431877615,0.43208587431877615,1.477814344583492,0.707798455283681,False,0.0004,0.8301,SCHEMBL8998633,(2E)-3-methyl-2-decen-1-ol,(E)-3-methyl-dec-2-en-1-ol
CCCCCC/C=C(/C)\CO,"InChI=1S/C10H20O/c1-3-4-5-6-7-8-10(2)9-11/h8,11H,3-7,9H2,1-2H3/b10-8-",new,524.62,244.24,7.221378976143433,0.4363044515773176,8.235999451958646,0.4842382543568092,7.763858382217328,0.7565953107757805,13.725702342389091,0.7204260022380877,13.74634414697072,1.276861386471723,9.337935585989548,3.039409455246457,-4.657453063876137,2.1322750798209635,23.247579635305986,1.664357892931998,25.395374206828496,1.6490572418729186,-0.089571845897704,0.3257595804235529,-0.6123594316730626,0.2757066966648365,-2.3954000000000018,1.5512303247369532,1.1012240275714773,1.5101620178882198,-2.0978171459139605,1.1993811745065857,-0.7280054222978205,-0.30677022695026834,0.466614000141797,1.38753879006555,-0.2933195241027334,0.2933195241027334,1.6808583141682834,0.6642348746698103,False,0.0005,0.8246,(2Z)-2-methyl-2-nonen-1-ol,(Z)-2-methyl-non-2-en-1-ol,-
CCCCCCCCCO,"InChI=1S/C9H20O/c1-2-3-4-5-6-7-8-9-10/h10H,2-9H2,1H3",dft,497.7,252.01,7.730377423431547,0.2940804492320994,8.29024750888902,0.4327248468712113,7.735861075685426,0.6452225091847149,14.10145200543448,0.4497343492951064,14.46635719372103,0.9715621154394142,11.552573241254688,2.022259004380305,-4.570612257926733,1.4307278124339375,23.15549660883777,0.951806061597865,24.485054317490608,1.1379089412893122,0.5012597204737794,0.1944995167013661,-0.632811400275787,0.1931653467574928,-2.2293000000000016,2.7328694578261725,1.1907459544866215,1.4670778920640004,-1.8008775563295156,1.4697950661691002,-0.7719728012014304,-0.792401636906481,0.9626309167914038,1.7968977681255982,-0.18656520229538462,0.18656520229538462,1.9834629704209827,0.5161400239149343,False,0.0002,0.8226,1-NONANOL,1-NONANOL,1-NONANOL
CC=CCCCCCCCCO,"InChI=1S/C11H22O/c1-2-3-4-5-6-7-8-9-10-11-12/h2-3,12H,4-11H2,1H3",new,547.62,269.47,7.093107397618917,0.514535755535854,8.105651725069155,0.506459901202588,7.571685951138444,0.8300292827629036,13.682131457290296,0.5767450435031456,13.663106569558014,1.496290409291021,9.79622252047004,2.897211983320947,-5.03688681632558,2.265100242336841,23.82575393396665,1.820510540839191,24.337792407896988,1.553279812886036,0.0322630809930639,0.3062153406410228,-0.434292038546223,0.2772225710867321,-2.785500000000002,1.253448047295349,0.8861199235639746,1.2144342416782328,-2.1322494342471225,1.2553393820067271,-0.4519414240069236,-0.8709619426038661,0.4092716412998586,1.1180007375125187,-0.3581083555102653,0.3581083555102653,1.476109093022784,0.72865148212735,False,0.0002,0.8131,UNDEC-9-EN-1-OL,SCHEMBL1602829,SCHEMBL7873482
C=CCCCCCCCCCO,"InChI=1S/C11H22O/c1-2-3-4-5-6-7-8-9-10-11-12/h2,12H,1,3-11H2",new,540.14,272.79,8.040269816036586,0.3725847219376653,8.2239993111169,0.4995030182402374,7.725380233095512,0.7522076262106893,14.196940802248845,0.6673613884837774,13.73504898933628,1.3436789560914937,10.48924989716194,2.6214893141581617,-5.257528262027854,2.42188819298887,24.10357978244148,1.7696931125260535,24.18110276088137,1.4721087923206206,0.1292093845451714,0.2903990346386541,-0.4497661307874483,0.2955292610175025,-2.785500000000002,3.452284183155361,1.0814210006578129,1.4509492712492393,-1.725416665942649,1.3399601006666761,-0.3192864188705967,-0.954551695060095,0.45883276716526505,1.994884818354138,-0.24009238240827996,0.24009238240827996,2.234977200762418,0.6404924281387654,True,0.0031,0.8115,10-UNDECEN-1-OL,undec-10-en-1-ol,Undecylenic alcohol
CCCCCCCCCCCC(C)O,"InChI=1S/C13H28O/c1-3-4-5-6-7-8-9-10-11-12-13(2)14/h13-14H,3-12H2,1-2H3",new,588.78,282.09,8.003678936889733,0.3353099295053168,8.248205132454634,0.6656059182096893,7.284160389638727,0.9224533998085545,14.638076673010024,0.5538771207609859,13.855179825281928,2.042117681976682,6.345042563390957,3.95178125959125,-8.116037295898503,2.823861555349315,23.20720864211733,1.7398308942787697,23.696914226505758,3.5952348177112112,-0.4907452518654693,0.3360593505390216,-0.7179375983844108,0.2594409774748691,-3.7881000000000045,3.367338512015452,1.1213662427795514,0.771970697722045,-1.3768050308632094,0.8339399712260527,-0.7472815779838347,-1.2128533793224099,0.5415908881593755,1.7535584841723495,-0.39228182575680515,0.39228182575680515,2.1458403099291545,0.8343666358010045,True,0.0081,0.8037,2-TRIDECANOL,Tridecan-2-ol,2-Hydroxytridecane
CCCC1=CC=C(C=C1)O,"InChI=1S/C9H12O/c1-2-3-8-4-6-9(10)7-5-8/h4-7,10H,2-3H2,1H3",new,512.8199999999999,329.33,6.997873492949258,0.461298060407142,7.983223482272455,0.4768710791804026,7.3897399191980515,0.7574785238499736,13.401806043915869,0.521583978265186,14.155882967368914,1.399602789339453,8.944939837019126,2.652114201708374,-8.642471244721674,2.511448712235025,23.138772566476543,2.584316573227352,24.08373662477476,1.4539223918814628,-0.1509504449032276,0.2955565890496803,-1.5343769300237424,0.3581077554591814,-2.156500000000001,1.0323626802296615,0.6840848125541458,0.9344435317002925,-2.3537791424119905,1.1513952163371923,-0.7799581198372145,-1.006493934830152,0.7487452529837669,0.8836303414946999,-0.44801814555167957,0.44801814555167957,1.3316484870463794,0.6930763027365076,False,0.0001,0.8036,4-PROPYLPHENOL,645-56-7,4-n-Propylphenol
CCCCCCCCCCCCCCO,"InChI=1S/C14H30O/c1-2-3-4-5-6-7-8-9-10-11-12-13-14-15/h15H,2-14H2,1H3",new,612.0999999999999,308.36,7.688365779085124,0.2983832090273842,7.700748559968488,0.7777285542667066,6.895643674710636,1.1177249891547472,13.940145297694585,0.4608684727351242,13.217454787593717,2.410113667437864,5.742908218753277,3.722440989263714,-9.060340811365087,2.7215535259379022,22.606088424868265,2.638978537853457,22.47302154081934,4.198422205890286,-0.3051462167330744,0.2925064607043535,-0.5300107127931128,0.2551424158317502,-4.281900000000005,2.635339488393749,0.21793540959373062,0.17409521953271653,-1.9283516496002702,0.7604175640503114,-1.0343016876837747,-1.8657675225224377,0.1022621728089482,1.0091233725067321,-0.7931482245894447,0.7931482245894447,1.8022715970961767,0.9762495810994851,False,0.0074,0.8035,1-Tetradecanol,1-Tetradecanol,1-Tetradecanol
CCCCCC/C=C/CCCO,"InChI=1S/C11H22O/c1-2-3-4-5-6-7-8-9-10-11-12/h7-8,12H,2-6,9-11H2,1H3/b8-7+",new,547.62,269.47,7.001668492092735,0.5121000923600182,8.205558111228582,0.4886192446276108,7.655036624285175,0.8217736773437977,13.648452065260637,0.5805187724455116,13.682184754292976,1.5247985243038022,9.725419382755698,2.9057281384981626,-5.112455642750817,2.324897931227338,23.719773462981053,1.720931863062359,24.56415517097559,1.853343992735895,0.0341180638658241,0.3060020404772517,-0.4980531716894109,0.2876256419339726,-2.785500000000002,1.0411727650577485,1.05098872635998,1.3426998262727787,-2.158864880195061,1.2466941068007658,-0.5025444906406543,-0.7502034388262535,0.42241460087568566,1.1449537725635024,-0.3485008203971035,0.3485008203971035,1.4934545929606058,0.7284708982438619,False,0.0007,0.8031,(E)-4-Undecen-1-ol,(4E)-4-undecen-1-ol,(E)-undec-4-en-1-ol
CCCC/C=C\CCCCCO,"InChI=1S/C11H22O/c1-2-3-4-5-6-7-8-9-10-11-12/h5-6,12H,2-4,7-11H2,1H3/b6-5-",new,547.62,269.47,7.004961551891663,0.5126200362548227,8.191467562567293,0.4892652785887297,7.660841009614594,0.8219164361280186,13.624728229611538,0.5855312100926227,13.701046174148315,1.5219872540903396,9.6964302264911,2.9015416983160787,-5.105250795153371,2.317855976117952,23.75249469899424,1.7201586851239314,24.614165219880917,1.858203059205958,0.0332492837354061,0.3062620726893765,-0.5139458793242334,0.2888200784447293,-2.785500000000002,1.048817598449182,1.0277360397417457,1.3516320022154895,-2.1776128571431106,1.243154443983742,-0.4869209057394471,-0.7235244100075618,0.4354082311473929,1.142728546802139,-0.34189909955179687,0.34189909955179687,1.4846276463539358,0.7289662155506368,False,0.0003,0.8012,(z)-6-undecen-1-ol,(6Z)-6-undecen-1-ol,(Z)-undec-6-en-1-ol
CCCCCCCCCCCCC(C)O,"InChI=1S/C14H30O/c1-3-4-5-6-7-8-9-10-11-12-13-14(2)15/h14-15H,3-13H2,1-2H3",new,611.66,293.36,8.004259654476856,0.3368168437820297,8.13943147087926,0.7553720026240981,7.129772792325058,1.048385871844916,14.619161997233954,0.5591724594241223,13.657735272598147,2.4300904204608686,5.379165296983713,4.342079078467911,-8.963710468301858,3.1942414038164366,23.130563580035886,2.190231848482831,23.27145000458473,4.523550839627488,-0.6260044183810252,0.3795914170525848,-0.682708734216717,0.2738545905998366,-4.178200000000005,3.3686866470242602,0.9418643705863913,0.5343887481590883,-1.3917525254705185,0.7160034637090863,-0.7838777088330816,-1.4398272073112879,0.4055713553557812,1.6149799219232468,-0.4987765245100041,0.4987765245100041,2.113756446433251,0.9683133422963224,False,0.0135,0.7979,2-TETRADECANOL,Tetradecan-2-ol,4706-81-4
CCCC1=CC(=CC=C1)O,"InChI=1S/C9H12O/c1-2-4-8-5-3-6-9(10)7-8/h3,5-7,10H,2,4H2,1H3",new,512.8199999999999,329.33,6.968404077661532,0.4635917630917675,7.996243795265028,0.4795191962632245,7.39714189274476,0.7596223905707156,13.348037079421127,0.527907292288497,14.295702062366434,1.435248167830374,8.900497051232016,2.7429988774735388,-8.794146989507913,2.5809592185945798,23.1230968388949,2.61256268440142,24.067509994418423,1.45327727634911,-0.1734981364226445,0.3985467010090724,-1.58093537681521,0.3673214517005708,-2.156500000000001,0.9639494767734166,0.7055713610885836,0.9458341831285132,-2.3962705557642914,1.1459686190640699,-0.7874428939655912,-1.0151504098463346,0.8450666136902473,0.8717850069968378,-0.44156572536438005,0.44156572536438005,1.313350732361218,0.697811562909706,False,0.0,0.797,3-n-Propylphenol,3-Propylphenol,621-27-2
