Solvent Name,SMILES,Solvent Inchi,dG_c16(kcal/mol),dG_d18(kcal/mol),dG_o18(kcal/mol),dG_bcr(kcal/mol),dG_dcg(kcal/mol),dG_pcc(kcal/mol),dG_pcs(kcal/mol),dG_tro(kcal/mol),dG_trs(kcal/mol),dG_bdo(kcal/mol),dG_wat(kcal/mol)
CIS-DECALIN,C1CCC2CCCCC2C1,"InChI=1S/C10H18/c1-2-6-10-8-4-3-7-9(10)5-1/h9-10H,1-8H2",-7.398795466683631,-8.730589192784896,-7.653815124267556,-21.086063984033853,-14.884520751581448,10.66887598858572,34.355792230374504,-29.46401084657957,-31.256869185675143,4.271077257610235,5.743012568715407
N-HEXADECANE,CCCCCCCCCCCCCCCC,"InChI=1S/C16H34/c1-3-5-7-9-11-13-15-16-14-12-10-8-6-4-2/h3-16H2,1-2H3",-7.677936570243702,-9.167253880588936,-8.006268104312996,-21.516199614539875,-15.547273094240683,11.358206611772312,35.8777811263076,-30.474693595809843,-32.4435101880707,4.251875482208777,5.815025501556934
N-PENTADECANE,CCCCCCCCCCCCCCC,"InChI=1S/C15H32/c1-3-5-7-9-11-13-15-14-12-10-8-6-4-2/h3-15H2,1-2H3",-7.586495958777695,-9.221652635792143,-8.039168401171985,-21.60357583077321,-15.660475958168789,11.28561903509819,35.907704201033454,-30.642798091882703,-32.623452083634604,4.236062255420166,5.812929621492951
DECALIN,C1CCC2CCCCC2C1,"InChI=1S/C10H18/c1-2-6-10-8-4-3-7-9(10)5-1/h9-10H,1-8H2",-7.367834172603352,-8.943201792180268,-7.843354217692021,-21.38623897025417,-15.26540407610698,10.354025758104893,34.37669485446446,-30.03038208137486,-31.85611796508961,4.214726949402693,5.731278150416498
N-DODECANE,CCCCCCCCCCCC,"InChI=1S/C12H26/c1-3-5-7-9-11-12-10-8-6-4-2/h3-12H2,1-2H3",-8.021133792544676,-9.522775379653035,-8.380470546216415,-22.02625609898852,-16.201209802721685,10.89057845553095,36.00085208941321,-31.448621268700578,-33.481039563835225,4.159443406520993,5.800304140411654
TRANS-DECALIN,C1CCC2CCCCC2C1,"InChI=1S/C10H18/c1-2-6-10-8-4-3-7-9(10)5-1/h9-10H,1-8H2",-7.539984991683859,-9.183023181784042,-8.01977209793322,-21.683666275291028,-15.643550044416902,10.044905799310405,34.401290061586366,-30.59232991246735,-32.450983824548594,4.158376641195151,5.719876311883895
HEXANOIC ACID,CCCCCC(=O)O,"InChI=1S/C6H12O2/c1-2-3-4-5-6(7)8/h2-5H2,1H3,(H,7,8)",-5.962973298506839,-7.220394657927539,-5.578567560159343,-11.781131488056648,-8.28946933414923,12.574990167333633,34.82195390360404,-17.239732217813113,-19.37123186806704,4.156180359700696,4.67125229707258
CYCLOHEXANE,C1CCCCC1,InChI=1S/C6H12/c1-2-4-6-5-3-1/h1-6H2,-8.142399906756031,-9.580211278400016,-8.518685678622651,-22.25646058875552,-16.474340601178643,10.465377293590644,35.78262385679256,-31.85152275386488,-33.887877520855525,4.108740679299192,5.77795854492314
N-DECANE,CCCCCCCCCC,"InChI=1S/C10H22/c1-3-5-7-9-10-8-6-4-2/h3-10H2,1-2H3",-8.220970308623869,-9.742748659607674,-8.602069074486222,-22.363481203942797,-16.633578912179107,10.573126827109292,36.06577992978662,-32.09079831721485,-34.16485377978368,4.095186484919146,5.789002703327359
N-UNDECANE,CCCCCCCCCCC,"InChI=1S/C11H24/c1-3-5-7-9-11-10-8-6-4-2/h3-11H2,1-2H3",-8.34854288836561,-9.870591068148109,-8.755495024991227,-22.57382886166365,-16.88249132966993,10.233250009453826,35.978445214602075,-32.469594982790106,-34.54815309870089,4.0727844136115,5.7803556293052925
"CIS-1,2-DIMETHYLCYCLOHEXANE",C[C@@H]1CCCC[C@@H]1C,"InChI=1S/C8H16/c1-7-5-3-4-6-8(7)2/h7-8H,3-6H2,1-2H3/t7-,8+",-8.132259361333073,-9.693639805261824,-8.505558190344406,-22.35365498534029,-16.55625963081644,9.962911303595916,35.26053560378165,-31.964514287181636,-33.96663130044434,4.0667603272124415,5.742165431562195
N-NONANE,CCCCCCCCC,"InChI=1S/C9H20/c1-3-5-7-9-8-6-4-2/h3-9H2,1-2H3",-8.351103125047757,-9.89807596239286,-8.68036337246039,-22.587542514909792,-16.929214145656687,10.455727716903564,36.24254844702001,-32.53460137923992,-34.645944951015736,4.062179511516873,5.790653051995689
CYCLOPENTANE,C1CCCC1,InChI=1S/C5H10/c1-2-4-5-3-1/h1-5H2,-8.47968599429621,-10.021682685176152,-8.900129574423433,-22.809806421118136,-17.200792626254824,10.127535319712432,36.13761127479773,-32.93723876523858,-35.0617577393357,4.017061614402373,5.775228880774682
N-OCTANE,CCCCCCCC,"InChI=1S/C8H18/c1-3-5-7-8-6-4-2/h3-8H2,1-2H3",-8.535935901019775,-10.099267897988527,-8.837303373370789,-22.867305811747084,-17.28973302467885,10.220057612918902,36.337169230264415,-33.07206556251547,-35.22064222132875,4.013045556826781,5.784202259476995
"1,4-DIOXANE",C1COCCO1,InChI=1S/C4H8O2/c1-2-6-4-3-5-1/h1-4H2,-5.59463806569937,-6.851814696629949,-5.501911060761642,-14.36248496906833,-12.09060485067504,13.237157662808473,32.447311874758874,-24.259628019430764,-26.955863788554595,4.002691658317252,5.097487785325448
METHYLCYCLOHEXANE,CC1CCCCC1,"InChI=1S/C7H14/c1-7-5-3-2-4-6-7/h7H,2-6H2,1H3",-8.463502537189258,-9.991116721794125,-8.739311567884275,-22.769925089050563,-17.097098123159526,9.643410917052863,35.44179580918836,-32.77020385650438,-34.831297573459466,3.9944712904237374,5.734898877347344
N-HEPTANE,CCCCCCC,"InChI=1S/C7H16/c1-3-5-7-6-4-2/h3-7H2,1-2H3",-8.727426547484246,-10.328835790531082,-9.103172661539462,-23.18323625016536,-17.703619894528998,10.021922839233966,36.53667694487847,-33.69130478204191,-35.88935853493293,3.961715320606564,5.7828531151268345
PENTANOIC ACID,CCCCC(=O)O,"InChI=1S/C5H10O2/c1-2-3-4-5(6)7/h2-4H2,1H3,(H,6,7)",-6.281371365073428,-7.575527101388367,-5.960701715908319,-12.193188724952035,-8.893529720362583,11.146246401530188,33.60535644358516,-18.019398864035388,-20.13209664098649,3.937869978595428,4.518027149455272
N-HEXANE,CCCCCC,"InChI=1S/C6H14/c1-3-5-6-4-2/h3-6H2,1-2H3",-8.955243689883407,-10.590550969177327,-9.37411849755026,-23.54301900713472,-18.1725475603684,9.764816419828186,36.71752568251756,-34.39111985626115,-36.64252851060616,3.899403676914073,5.777983645285217
"2,4-DIMETHYLPENTANE",CC(C)CC(C)C,"InChI=1S/C7H16/c1-6(2)5-7(3)4/h6-7H,5H2,1-4H3",-9.084799198068705,-10.757731916958992,-9.542799191890218,-23.801458777035684,-18.477253280875463,9.274200757185849,36.45552494513785,-34.8408388473477,-37.0950330431842,3.842237607001457,5.751929471607506
N-PENTANE,CCCCC,"InChI=1S/C5H12/c1-3-5-4-2/h3-5H2,1-2H3",-9.27022183246927,-10.936151550928678,-9.670076842310676,-24.0116316012978,-18.79007897656683,9.508370259893502,37.05968953426819,-35.31550328261904,-37.64478470580226,3.824102596925841,5.778548403387358
2-METHYLPENTANE,CCCC(C)C,"InChI=1S/C6H14/c1-4-5-6(2)3/h6H,4-5H2,1-3H3",-9.188074629246255,-10.831552075709537,-9.581096066149849,-23.921537927864808,-18.62895345862767,9.126688426339584,36.42047718644692,-35.06284934347512,-37.32921232796599,3.811803420506956,5.743100419973758
"2,2,4-TRIMETHYLPENTANE",CC(C)CC(C)(C)C,"InChI=1S/C8H18/c1-7(2)6-8(3,4)5/h7H,6H2,1-5H3",-9.112823749982178,-10.751030120801694,-9.51613005935054,-23.877130473324694,-18.53106258478473,8.77521029361698,35.90473744076869,-34.90998567361146,-37.12549978906849,3.8028300418224776,5.715050767680371
1-HEXENE,CCCCC=C,"InChI=1S/C6H12/c1-3-5-6-4-2/h3H,1,4-6H2,2H3",-9.29608147832751,-10.948375426243498,-9.669436783122304,-23.840867596684348,-18.968462612831843,6.837025147349256,33.728820504818934,-35.3975177494024,-37.627176111140784,3.531055893916648,5.489467557265274
1-PENTENE,CCCC=C,"InChI=1S/C5H10/c1-3-5-4-2/h3H,1,4-5H2,2H3",-9.58708250205038,-11.30493859021786,-9.984603178414824,-24.31981791904337,-19.622093027250305,6.8142603863098845,34.41505123408269,-36.38566699575642,-38.71962779053028,3.4776548779945258,5.512390461036968
N-BUTYLBENZENE,CCCCC1=CC=CC=C1,"InChI=1S/C10H14/c1-2-3-7-10-8-5-4-6-9-10/h4-6,8-9H,2-3,7H2,1H3",-8.71230358057249,-10.146011043382533,-9.037604246121653,-22.800112491371184,-18.157266084048132,5.4449250161479,31.046962941624283,-34.036710097270955,-36.13221300679329,3.4676774848983145,5.281109468903058
E-2-PENTENE,CC/C=C/C,"InChI=1S/C5H10/c1-3-5-4-2/h3,5H,4H2,1-2H3/b5-3+",-9.545459830020672,-11.014044243038276,-9.938851497242602,-24.289899132107653,-19.53470180788917,6.345035894302865,33.73936076903364,-36.24106351532455,-38.51687557394524,3.4482874568258675,5.471432948602296
BUTANOIC ACID,CCCC(=O)O,"InChI=1S/C4H8O2/c1-2-3-4(5)6/h2-3H2,1H3,(H,5,6)",-6.423878659020267,-7.597577767662607,-6.418017724947955,-12.833353766894229,-9.959800781654986,7.859028429878398,30.418663942273305,-19.27678684769257,-21.30219393335848,3.4347960133242603,4.123060434677995
SEC-BUTYLBENZENE,CCC(C)C1=CC=CC=C1,"InChI=1S/C10H14/c1-3-9(2)10-7-5-4-6-8-10/h4-9H,3H2,1-2H3",-8.841833988377873,-10.29296737610174,-9.16801316651055,-22.94601654921093,-18.43057897689956,5.216698138033171,31.037174427381643,-34.42849261122812,-36.564162912711566,3.4195475446199555,5.262315574354138
P-ISOPROPYLTOLUENE,CC1=CC=C(C=C1)C(C)C,"InChI=1S/C10H14/c1-8(2)10-6-4-9(3)5-7-10/h4-8H,1-3H3",-9.016984300432284,-10.256283199967324,-9.272556165946227,-22.96859180853144,-18.78746259404647,5.6138885689493785,31.852413962741675,-34.93520170543335,-37.21605208440365,3.4031695597113685,5.276942809146088
TERT-BUTYLBENZENE,CC(C)(C)C1=CC=CC=C1,"InChI=1S/C10H14/c1-10(2,3)9-7-5-4-6-8-9/h4-8H,1-3H3",-8.94881799776246,-10.428402643572944,-9.30940976950237,-23.16254537330952,-18.69558478257885,4.900609113159715,30.94399530228236,-34.82189659585917,-36.970469126112114,3.377629943411644,5.248259372759307
"1,2,4-TRIMETHYLBENZENE",CC1=CC(=C(C=C1)C)C,"InChI=1S/C9H12/c1-7-4-5-8(2)9(3)6-7/h4-6H,1-3H3",-8.853511930857652,-10.313449269844272,-9.186756860370986,-22.84403076758319,-18.545377440654896,4.903530232258342,30.716405239619647,-34.55144254428025,-36.72646093993406,3.3677153011938725,5.212077203812923
MESITYLENE,CC1=CC(=CC(=C1)C)C,"InChI=1S/C9H12/c1-7-4-8(2)6-9(3)5-7/h4-6H,1-3H3",-9.07010293725875,-10.57116094103354,-9.39408583393264,-23.133943555033746,-18.966481970391676,5.1461425315806855,31.482997578317672,-35.19586725033162,-37.46126571860269,3.357675157219221,5.248265647845368
P-XYLENE,CC1=CC=C(C=C1)C,"InChI=1S/C8H10/c1-7-3-5-8(2)6-4-7/h3-6H,1-2H3",-9.19478897559351,-10.701569861422438,-9.572731371178852,-23.53621877371995,-19.201516420188923,4.855192729557422,31.461669245809016,-35.5896616590005,-37.81456820444264,3.343493453805089,5.266795988619234
ISOPROPYLBENZENE,CC(C)C1=CC=CC=C1,"InChI=1S/C9H12/c1-8(2)9-6-4-3-5-7-9/h3-8H,1-2H3",-9.123729856421727,-10.625609896996572,-9.511103712268238,-23.47750970121254,-19.06459148900096,4.264640394399144,30.55731933307745,-35.362192221896215,-37.51164363070438,3.298438307604699,5.2107657100058775
M-XYLENE,CC1=CC(=CC=C1)C,"InChI=1S/C8H10/c1-7-4-3-5-8(2)6-7/h3-6H,1-2H3",-9.221985215611957,-10.500961509231676,-9.578391502354547,-23.593353279286312,-19.22031198893356,4.251075811630429,30.72702446711669,-35.60073197409098,-37.77310791933803,3.290845448709601,5.217944412962377
TETRALIN,C1CCC2=CC=CC=C2C1,"InChI=1S/C10H12/c1-2-6-10-8-4-3-7-9(10)5-1/h1-2,5-6H,3-4,7-8H2",-8.498410862800373,-10.030298383732246,-8.979258459316268,-22.54706654216936,-17.954699329653327,3.10896080778908,27.887262533965263,-33.61780218164912,-35.52894785355517,3.279738539409108,5.051974557557285
XYLENE,CC1=CC=CC=C1C,"InChI=1S/C8H10/c1-7-5-3-4-6-8(7)2/h3-6H,1-2H3",-9.206253564986715,-10.70181458991256,-9.627086200717214,-23.629593056620116,-19.23922165139073,3.941553052819249,30.364537725557547,-35.62099286715105,-37.767705944104414,3.2653685833239865,5.193854342452204
ETHYLBENZENE,CCC1=CC=CC=C1,"InChI=1S/C8H10/c1-2-8-6-4-3-5-7-8/h3-7H,2H2,1H3",-9.22095610089165,-10.722246282966609,-9.644901181234314,-23.766013941183857,-19.293776746710503,3.5651449865489533,29.975671679505396,-35.70704870398229,-37.81117692313404,3.236001162119659,5.175261250782063
O-XYLENE,CC1=CC=CC=C1C,"InChI=1S/C8H10/c1-7-5-3-4-6-8(7)2/h3-6H,1-2H3",-9.16884147840558,-10.69797423485367,-9.641907963355388,-23.721153750108797,-19.258235502211623,2.870264098961669,29.056176309224256,-35.62048010526379,-37.671244649913504,3.175697547214964,5.108337415936949
TOLUENE,CC1=CC=CC=C1,"InChI=1S/C7H8/c1-7-5-3-2-4-6-7/h2-6H,1H3",-9.70792818525491,-11.034984218428836,-10.090137642000943,-24.601285629012292,-20.268310094214023,2.8262890306467927,30.170852289771563,-37.179459288622,-39.35441174516315,3.1183432245956886,5.166294147174727
BENZENE,C1=CC=CC=C1,InChI=1S/C6H6/c1-2-4-6-5-3-1/h1-6H,-10.06851995699482,-11.667833319959842,-10.49959981469156,-25.174491702593738,-21.03717583160057,2.6791982598265,30.859460576695685,-38.34342199660791,-40.62713519887969,3.05998488760035,5.188018508759804
PROPANOIC ACID,CCC(=O)O,"InChI=1S/C3H6O2/c1-2-3(4)5/h2H2,1H3,(H,4,5)",-6.644303745456615,-7.715831838710104,-7.026180622454175,-13.248006892893187,-10.802968978634349,4.464008264447058,26.814079194987105,-20.146491059818946,-22.047647172316747,2.9099474857081926,3.681407050299096
DIBUTYLETHER,CCCCOCCCC,"InChI=1S/C8H18O/c1-3-5-7-9-8-6-4-2/h3-8H2,1-2H3",-8.260603777115044,-9.7909539009901,-8.70812437059881,-20.501060359073616,-17.548720005034212,1.809796481866927,24.760796959613888,-32.496881720477504,-34.69386520773377,2.8453140587286976,4.592506192670204
1-HEXYNE,CCCCC#C,"InChI=1S/C6H10/c1-3-5-6-4-2/h1H,4-6H2,2H3",-9.333261386608484,-10.899216371137824,-9.838387306332294,-23.093603514600517,-18.63273702793291,2.579080194040837,28.61119320146693,-33.9849736211497,-35.9814228507184,2.8301910918169417,4.598806383025356
TRIETHYLAMINE,CCN(CC)CC,"InChI=1S/C6H15N/c1-4-7(5-2)6-3/h4-6H2,1-3H3",-8.436243546221036,-9.901866116763264,-7.324579977234836,-18.3037365440983,-18.076075525871,4.53523258267624,27.754557782891105,-32.832500389845784,-35.95078123171059,2.661140167194316,4.452477559313478
ANISOLE,COC1=CC=CC=C1,"InChI=1S/C7H8O/c1-8-7-5-3-2-4-6-7/h2-6H,1H3",-9.01748630760248,-10.499637465261427,-9.679238473701814,-23.14519867570557,-19.05940504171033,-3.649526476143984,20.39188998784697,-34.94371926157819,-36.59004221167846,2.513550050417381,4.434122921065232
ETHYL PHENYL ETHER,CCOC1=CC=CC=C1,"InChI=1S/C8H10O/c1-2-9-8-6-4-3-5-7-8/h3-7H,2H2,1H3",-9.263953017580093,-10.507914308902734,-9.400724879140158,-23.3759264107014,-19.60791563862832,-4.239806401939336,20.1552834303244,-35.70594628134826,-37.43911577718839,2.389742524701803,4.370920214590353
DIPROPYLAMINE,CCCNCCC,"InChI=1S/C6H15N/c1-3-5-7-6-4-2/h7H,3-6H2,1-2H3",-8.534869135729602,-9.702487682189425,-8.775612963581736,-18.54995903687609,-17.723839317644313,1.487550651775614,24.26170494881278,-31.88531760877682,-34.60822067601607,2.3078526001945368,3.9389367438945184
DIISOPROPYL ETHER,CC(C)OC(C)C,"InChI=1S/C6H14O/c1-5(2)7-6(3)4/h5-6H,1-4H3",-10.080963460491189,-11.476198346453558,-10.55807737842014,-23.883009740581976,-21.230564412825814,-3.952910536561996,21.731971852846105,-37.96663670753414,-40.1599047002175,2.1239297123165923,4.309229804792382
METHYL BENZOATE,COC(=O)C1=CC=CC=C1,"InChI=1S/C8H8O2/c1-10-8(9)7-5-3-2-4-6-7/h2-6H,1H3",-8.483720877156737,-9.652418739025345,-8.569934338643826,-21.655183540784112,-18.30998829393371,-6.909355416379459,15.087425760997077,-33.46740871750175,-34.99147407882466,2.083329880019222,3.961884748028289
PENTYL ETHANOATE,CCCCCOC(=O)C,"InChI=1S/C7H14O2/c1-3-4-5-6-9-7(2)8/h3-6H2,1-2H3",-9.115540863967434,-10.442854175821438,-9.13923560377044,-22.320351861569616,-19.31683791387044,-5.352537475007713,17.867719629424265,-34.9905244865458,-36.8152996921066,2.0690226748125404,4.092940002673784
BUTYL ETHANOATE,CCCCOC(=O)C,"InChI=1S/C6H12O2/c1-3-4-5-8-6(2)7/h3-5H2,1-2H3",-9.257640277026066,-10.421788698673996,-9.219349677790074,-22.47179978322888,-19.457045512099832,-6.025031113426804,17.179208157782426,-35.18341793302157,-36.97040753671229,2.0109153414023004,4.043159713709261
METHYL BUTANOATE,CCCC(=O)OC,"InChI=1S/C5H10O2/c1-3-4-5(6)7-2/h3-4H2,1-2H3",-9.189254346174693,-10.447767571265478,-9.407370199513991,-22.792218021531603,-19.764975836988725,-7.3141405152538255,15.92377009505985,-35.61651933488402,-37.33603546535972,1.881020978409224,3.9524219123100655
PROPYL ETHANOATE,CCCOC(=O)C,"InChI=1S/C5H10O2/c1-3-4-7-5(2)6/h3-4H2,1-2H3",-9.356956126482828,-10.609514291147972,-9.528146856745108,-23.037348089622878,-20.070733542380125,-7.625187456475636,15.867300127765944,-36.06966092361359,-37.810080858277495,1.8313222655991563,3.938089606750225
O-NITROTOLUENE,CC1=CC=CC=C1[N+](=O)[O-],"InChI=1S/C7H7NO2/c1-6-4-2-3-5-7(6)8(9)10/h2-5H,1H3",-8.88343155995633,-10.113311549348818,-9.756415805625984,-23.953321709325508,-19.01854390151281,-12.655158594072796,9.534424974449571,-34.741095507197166,-35.52352545039444,1.8042766277175024,3.779700060059192
METHYL PROPANOATE,CCC(=O)OC,"InChI=1S/C4H8O2/c1-3-4(5)6-2/h3H2,1-2H3",-9.301038799436396,-10.542866560250031,-9.481190358264538,-22.930061059161307,-19.86995768344137,-8.139943473204232,15.008966047307409,-35.7531999270956,-37.41576647900615,1.77697998621508,3.889376083075873
TETRAHYDROFURAN,C1CCOC1,InChI=1S/C4H8O/c1-2-4-5-3-1/h1-4H2,-9.042097210630208,-10.337300886950386,-9.146069176779594,-22.469745275428025,-19.42947134480022,-8.992650493416848,13.466380119080725,-35.03463635408565,-36.597548698861054,1.7269675189058045,3.7836847422044815
METHYL ETHANOATE,CC(=O)OC,InChI=1S/C3H6O2/c1-3(4)5-2/h1-2H3,-9.205964910903091,-10.420558781057077,-9.356905925723003,-22.835874439494784,-19.67625478046078,-8.77610288819249,13.992400626355574,-35.441185978478174,-37.01726964295717,1.724582984704691,3.829003442188843
ETHYL ETHANOATE,CCOC(=O)C,"InChI=1S/C4H8O2/c1-3-6-4(2)5/h3H2,1-2H3",-9.499595197210184,-10.751061496276584,-9.669731712372249,-23.21969399025976,-20.236073045452383,-8.469489493154846,14.990776752570158,-36.29537694647168,-37.98690558063223,1.7244574829121415,3.87517555440356
DIETHYL ETHER,CCOCC,"InChI=1S/C4H10O/c1-3-5-4-2/h3-4H2,1-2H3",-10.518512935973725,-11.78263609155172,-10.612739687398404,-24.8074009781886,-22.12760132768712,-7.63726467487146,18.13856584329961,-39.223902582199045,-41.22610198032985,1.7243947319980322,4.046711414648854
DIPHENYLETHER,C1=CC=C(C=C1)OC2=CC=CC=C2,InChI=1S/C12H10O/c1-3-7-11(8-4-1)13-12-9-5-2-6-10-12/h1-10H,-11.947081100134536,-13.717296539278207,-13.212522024587804,-28.80052942692988,-25.339196435232488,-9.66555827940106,20.2435021282637,-44.45035531068119,-46.38469903557831,1.696658834203853,4.315034263045563
CYCLOHEXANONE,C1CCC(=O)CC1,InChI=1S/C6H10O/c7-6-4-2-1-3-5-6/h1-5H2,-8.375946206375648,-9.522681253299709,-8.950361669842918,-20.91509094537068,-17.884703612969712,-10.511893586393208,9.84176497385012,-32.571376883221205,-33.88253315170862,1.679778842125069,3.5421690782853674
CYCLOPENTANONE,C1CCC(=O)C1,InChI=1S/C5H8O/c6-5-3-1-2-4-5/h1-4H2,-8.526604842206913,-9.771551322727696,-9.209987243502322,-21.542258753715277,-18.35844429170982,-10.585475408460052,10.345649815175426,-33.34110451151258,-34.65371525543021,1.6758255354279163,3.592953381652707
DIETHYLAMINE,CCNCC,"InChI=1S/C4H11N/c1-3-5-4-2/h5H,3-4H2,1-2H3",-9.40139631380342,-10.74741566894799,-9.86834458600084,-20.20180451728497,-19.62276330350254,-3.630417966776988,19.870229461306923,-34.5341593676648,-37.11034553079113,1.6390535079994797,3.529618898290301
NITROMETHANE,C[N+](=O)[O-],InChI=1S/CH3NO2/c1-2(3)4/h1H3,-7.932818175880792,-9.03502518415457,-8.8537943098463,-20.838841631586284,-16.284378167593317,-10.949035311610183,8.143079535404514,-29.88926130640681,-30.62646642286937,1.6125726282021318,3.2328698921868884
METHYL METHANOATE,COC=O,"InChI=1S/C2H4O2/c1-4-2-3/h2H,1H3",-9.429759720631685,-10.706690334858072,-9.678196808791553,-23.76697905822504,-20.0824042214273,-10.697035940185584,12.268737785763156,-36.11899181648914,-37.46657259484005,1.6021559788141635,3.7709337593217183
NITROETHANE,CC[N+](=O)[O-],"InChI=1S/C2H5NO2/c1-2-3(4)5/h2H2,1H3",-8.82326599703414,-10.183241152351988,-9.515678252868828,-22.96466602319194,-18.552623701266025,-12.730105731445445,8.43513835340235,-33.68784695066906,-34.56013047915923,1.5527710205033034,3.517313446794273
NITROBENZENE,C1=CC=C(C=C1)[N+](=O)[O-],InChI=1S/C6H5NO2/c8-7(9)6-4-2-1-3-5-6/h1-5H,-9.540602910360091,-10.879092157523678,-10.387733785266484,-24.970649387275685,-20.29987698971275,-14.692511010207047,8.437225888259176,-36.61911580729079,-37.43591958405331,1.545115410694096,3.661646791881557
1-NITROPROPANE,CCC[N+](=O)[O-],"InChI=1S/C3H7NO2/c1-2-3-4(5)6/h2-3H2,1H3",-9.289040827398102,-10.61188627512346,-10.10891271133627,-24.24888226731089,-19.750051753369945,-13.5347823204777,8.830741631517801,-35.70363314555177,-36.61166456343022,1.5394678297083548,3.6468187542197454
ACETOPHENONE,CC(=O)C1=CC=CC=C1,"InChI=1S/C8H8O/c1-7(9)8-5-3-2-4-6-8/h2-6H,1H3",-9.113049653258704,-10.415614010138146,-10.014554182988393,-22.9030167553999,-19.599684134957723,-12.72902016091674,9.412911111518438,-35.272309151696895,-36.504331702895485,1.5228388412146692,3.5504961227132483
ETHYL METHANOATE,CCOC=O,"InChI=1S/C3H6O2/c1-2-5-3-4/h3H,2H2,1H3",-9.803227977064742,-11.110153521529542,-10.101282201835634,-24.42362167147018,-20.914611128213583,-11.36415184368179,12.385319113001362,-37.36524628309766,-38.78223226516359,1.4919653984284116,3.75348900912296
2-NITROPROPANE,CC(C)[N+](=O)[O-],"InChI=1S/C3H7NO2/c1-3(2)4(5)6/h3H,1-2H3",-9.425091053677765,-10.74416517231765,-10.30516615103665,-24.333156679577247,-20.008986300894776,-14.027884257348427,8.437125123478724,-36.04897989503496,-36.98898119690782,1.4550678692074257,3.5933989130483592
BENZONITRILE,C1=CC=C(C=C1)C#N,InChI=1S/C7H5N/c8-6-7-4-2-1-3-5-7/h1-5H,-9.64628797615434,-10.947396512211675,-10.52961357014357,-24.77692118373651,-20.538233798430152,-14.558542984300724,8.64120914962546,-36.88828983166486,-37.84535396179924,1.4482907720174023,3.613184271819057
"2,6-DIMETHYLPYRIDINE",CC1=NC(=CC=C1)C,"InChI=1S/C7H9N/c1-6-4-3-5-7(2)8-6/h3-5H,1-2H3",-9.615571410635525,-11.020413459447102,-10.435662922683898,-22.62921173732774,-20.90805241044259,-10.663706495415916,12.764498292489153,-37.02163835350829,-38.91431310039663,1.411895250002283,3.564451922877607
PENTANAL,CCCCC=O,"InChI=1S/C5H10O/c1-2-3-4-5-6/h5H,2-4H2,1H3",-9.679363975530032,-11.101261719008438,-11.437022959610411,-23.88610276821928,-20.758117610002337,-12.168960030147026,11.107327448778614,-37.01501035879146,-38.45007852659122,1.402733618611146,3.61878165209848
2-OCTANONE,CCCCCCC(=O)C,"InChI=1S/C8H16O/c1-3-4-5-6-7-8(2)9/h3-7H2,1-2H3",-9.660770883877726,-11.057223137338395,-10.99115271475039,-23.48535155944477,-20.799140274130863,-12.012445072985075,11.20418708868965,-36.99158151162947,-38.54819196202518,1.35855698499427,3.570093228786205
PENTYLAMINE,CCCCCN,"InChI=1S/C5H13N/c1-2-3-4-5-6/h2-6H2,1H3",-9.283016740999043,-10.681985305548356,-9.940614797504608,-19.69855794117328,-19.13149628142149,-5.529399306465414,17.431490951108028,-33.01681434492294,-35.35342021653911,1.3528466530944194,2.9304544798128007
4-METHYLPYRIDINE,CC1=CC=NC=C1,"InChI=1S/C6H7N/c1-6-2-4-7-5-3-6/h2-5H,1H3",-9.649356495173002,-10.975245361608447,-10.431138582771792,-23.28269082422923,-20.6970427056251,-12.89355788076229,10.127911619953307,-36.80883743192157,-38.30861552827056,1.3304445818224433,3.4943842679365185
"N,N-DIMETHYLFORMAMIDE",CN(C)C=O,"InChI=1S/C3H7NO/c1-4(2)3-5/h3H,1-2H3",-8.339851888741121,-9.451258178904563,-8.903675000303718,-19.77802211293512,-17.848610277252252,-12.491454939297371,6.848213179628861,-32.18650122329193,-33.62625210679339,1.323981239095958,3.183371982264517
"2,4-DIMETHYLPYRIDINE",CC1=CC(=NC=C1)C,"InChI=1S/C7H9N/c1-6-3-4-8-7(2)5-6/h3-5H,1-2H3",-9.662126303322864,-11.003985273778692,-10.41949829086188,-22.656008803302964,-20.794385310335255,-12.062158308843683,10.960328389611789,-36.82534494598795,-38.572055184928765,1.320655441397221,3.45658940086492
ACETIC ACID,CC(=O)O,"InChI=1S/C2H4O2/c1-2(3)4/h1H3,(H,3,4)",-7.885265543805355,-9.114549399674315,-8.138854480875747,-14.665825810296704,-13.431732042156328,-6.13500437806568,15.89434015829047,-22.92697806114625,-24.42536550581842,1.3173923946125932,2.366656468585528
3-METHYLPYRIDINE,CC1=CN=CC=C1,"InChI=1S/C6H7N/c1-6-3-2-4-7-5-6/h2-5H,1H3",-9.714203275239068,-11.0852225889433,-10.607456061636022,-23.4073479067114,-20.859761508424267,-12.982860114342005,10.193606157068372,-37.05189884373156,-38.569413457333965,1.3119958172119504,3.493072774129473
PYRIDINE,C1=CC=NC=C1,InChI=1S/C5H5N/c1-2-4-6-5-3-1/h1-5H,-9.718677414391353,-11.123287284902766,-10.516655509287048,-23.58901943035811,-20.87208064339193,-13.386404977480204,9.791739919967736,-37.09732403947597,-38.544791417994105,1.3116820627127426,3.4878456241594726
5-NONANONE,CCCCC(=O)CCCC,"InChI=1S/C9H18O/c1-3-5-7-9(10)8-6-4-2/h3-8H2,1-2H3",-9.750065414573433,-11.161853988032428,-11.293492826038246,-23.59942680389713,-20.887766451958964,-12.644428566751245,10.544604606466814,-37.1150086963271,-38.62769818885848,1.303461694819229,3.5269143344950016
2-METHYLPYRIDINE,CC1=CC=CC=N1,"InChI=1S/C6H7N/c1-6-4-2-3-5-7-6/h2-5H,1H3",-9.841217371955812,-11.19320433764464,-10.684012159585416,-23.282921039694013,-21.113029098794694,-12.655317862961766,10.72142900579624,-37.371434636360696,-39.02924371560761,1.295053074219057,3.477717628899718
FORMAMIDE,C(=O)N,"InChI=1S/CH3NO/c2-1-3/h1H,(H2,2,3)",-3.3863899690452217,-3.855779251191548,-3.4651862741895854,-5.044143716509121,-4.229330765617018,-4.532872046909238,6.740155310881506,-7.708067267567001,-8.358188454059864,1.291037016607795,1.2982094444693169
2-HEPTANONE,CCCCCC(=O)C,"InChI=1S/C7H14O/c1-3-4-5-6-7(2)8/h3-6H2,1-2H3",-9.75765199840922,-11.13298229893899,-10.742326570987249,-23.61620511705093,-20.871566907434943,-13.035691531579786,10.03257409660326,-37.0786397953293,-38.55466428193774,1.273843269994133,3.4937065582139493
BENZALDEHYDE,C1=CC=C(C=C1)C=O,InChI=1S/C7H6O/c8-6-7-4-2-1-3-5-7/h1-6H,-10.13302160712246,-11.525802932945966,-11.139407991131277,-25.22645527164925,-21.66882242251507,-15.214506083111942,8.903641008666176,-38.48544954616396,-39.66379482291836,1.270078216003639,3.537149006289124
BUTANONITRILE,CCCC#N,"InChI=1S/C4H7N/c1-2-3-4-5/h2-3H2,1H3",-9.847561487913389,-11.17035673495026,-11.276054350934466,-24.8254113718307,-20.87774249891502,-15.008954629275536,8.065195656007742,-37.28455924748468,-38.326792567022,1.2677564327166349,3.510674401577837
BUTANAL,CCCC=O,"InChI=1S/C4H8O/c1-2-3-4-5/h4H,2-3H2,1H3",-10.03845600078299,-11.44081311398082,-11.260153272887502,-24.57061138387658,-21.481660017621675,-14.254712822778618,9.34002267613934,-38.06043299404937,-39.42253760738874,1.1847997429191957,3.48303263012807
BUTYLAMINE,CCCCN,"InChI=1S/C4H11N/c1-2-3-4-5/h2-5H2,1H3",-9.29472605895371,-10.681025216801467,-10.222692643160142,-19.747653787329494,-19.19980666772271,-6.679170286587053,15.92789947823544,-33.01161787400258,-35.27195659096336,1.1815994470130078,2.78191682442543
4-HEPTANONE,CCCC(=O)CCC,"InChI=1S/C7H14O/c1-3-5-7(8)6-4-2/h3-6H2,1-2H3",-10.009258007036058,-11.441553574617496,-11.283113827220149,-24.10586467425948,-21.452176844881517,-13.932017375115896,9.564760399127485,-37.93418641041234,-39.42136901507276,1.1635271878158322,3.4449051832901643
2-HEXANONE,CCCCC(=O)C,"InChI=1S/C6H12O/c1-3-4-5-6(2)7/h3-5H2,1-2H3",-9.938054560822462,-11.276481057036266,-10.956068686551234,-23.99528109251761,-21.267959911828548,-14.23002726815743,8.997802329771616,-37.64981210721123,-39.081591109367885,1.1557460762140757,3.4148286769151297
PROPANONITRILE,CCC#N,"InChI=1S/C3H5N/c1-2-3-4/h2H2,1H3",-9.822680756086967,-11.148481771192722,-9.40538099597546,-24.44567803741488,-20.617885531333403,-15.32628150971362,7.355015522854084,-36.686362755291405,-37.70671627047116,1.1440116579151665,3.3474655857693407
"N,N-DIMETHYLACETAMIDE",CC(=O)N(C)C,InChI=1S/C4H9NO/c1-4(6)5(2)3/h1-3H3,-8.67004084942575,-9.839723900492498,-9.182778453293922,-20.13574640390204,-18.623422734833216,-13.483517817163271,6.371209905932938,-33.27151735465533,-34.812352460114994,1.135791290021653,3.09109678381742
FORMIC ACID,C(=O)O,"InChI=1S/CH2O2/c2-1-3/h1H,(H,2,3)",-6.50863629961391,-7.421210088109893,-6.934131327274687,-11.777120337569515,-9.529324406236434,-9.328995569680254,9.503770378498835,-16.46931785538634,-17.123115179013027,1.1351637810232371,1.8315105182968976
N-METHYLANILINE,CNC1=CC=CC=C1,"InChI=1S/C7H9N/c1-8-7-5-3-2-4-6-7/h2-6,8H,1H3",-9.693784132374976,-11.01302140341295,-11.112029773429812,-21.27321233033461,-19.667793276485376,-9.423049562199251,13.80209418421764,-33.7466654370169,-35.5440915527284,1.08540231729906,2.662916017664112
4-METHYL-2-PENTANONE,CC(C)CC(=O)C,"InChI=1S/C6H12O/c1-5(2)4-6(3)7/h5H,4H2,1-3H3",-10.255492538642162,-11.71463921630362,-11.272973281725848,-24.584184602436128,-22.020688759475192,-14.811484104938025,9.08660478554094,-38.76886828625425,-40.26805679005706,1.046434008411838,3.394227556448275
3-PENTANONE,CCC(=O)CC,"InChI=1S/C5H10O/c1-3-5(6)4-2/h3-4H2,1-2H3",-10.117973941279098,-11.456237285166155,-10.852140645995352,-24.32043155200697,-21.616286218315818,-15.185366217942327,8.200195582727742,-38.15245391201106,-39.55398039085598,1.0354526009038936,3.35232250542992
2-PENTANONE,CCCC(=O)C,"InChI=1S/C5H10O/c1-3-4-5(2)6/h3-4H2,1-2H3",-10.276062283643045,-11.76144511257606,-11.425370117510548,-24.766520289109454,-22.19120285121337,-15.581905475473285,8.325835447912224,-39.008108047155794,-40.46536612675804,0.969564155927567,3.34021158172661
BUTANONE,CCC(=O)C,"InChI=1S/C4H8O/c1-3-4(2)5/h3H2,1-2H3",-10.069084715114798,-11.57827523548908,-11.174203365175469,-24.470268179145947,-21.77920977721942,-15.620262762530125,7.821565828215538,-38.384170971399946,-39.77400368829923,0.9616575424975916,3.320959605609916
ACETONITRILE,CC#N,InChI=1S/C2H3N/c1-2-3/h1H3,-9.261442981586429,-10.616272563088732,-10.437005791939082,-23.132126618514945,-19.332906705050604,-14.754430003997538,6.660523058373944,-34.24348855678801,-35.1680197612367,0.9599005172948936,2.911371931126749
PROPYLAMINE,CCCN,"InChI=1S/C3H9N/c1-2-3-4/h2-4H2,1H3",-9.801075621199464,-11.119164550712547,-10.653214017903224,-20.40137236925437,-20.00406700695705,-8.444039178945166,14.550287536093018,-34.13005327714184,-36.3686296285674,0.9385652113130905,2.632870886746132
PROPANAL,CCC=O,"InChI=1S/C3H6O/c1-2-3-4/h3H,2H2,1H3",-10.46840006721614,-11.867211754533685,-11.482837391732415,-25.26585138858408,-22.242571142106133,-16.151189752022088,7.821652884395007,-39.16138986958489,-40.47507438989744,0.9340471464959617,3.359871438695841
ACETONE,CC(=O)C,InChI=1S/C3H6O/c1-3(2)4/h1-2H3,-10.304620218272946,-11.645337122370206,-11.19637325811161,-24.10777897965519,-21.6172956964069,-16.23912592008967,6.893343578529456,-37.75690608567169,-39.12268867870184,0.7349385408278217,3.0110956614092963
O-CRESOL,CC1=CC=CC=C1O,"InChI=1S/C7H8O/c1-6-4-2-3-5-7(6)8/h2-5,8H,1H3",-9.213162439064268,-10.463951028372428,-9.506836651036208,-17.918855722469832,-16.99675672446002,-11.311075099272689,12.486001294851375,-28.058089703297675,-29.41630359766486,0.5794418106209119,1.9413810691062985
ANILINE,C1=CC=C(C=C1)N,"InChI=1S/C6H7N/c7-6-4-2-1-3-5-6/h1-5H,7H2",-9.234422444013346,-10.437652126222432,-9.826037929189257,-19.52623783399712,-18.70836413645505,-10.810600055284116,11.291857727091664,-31.234556954856853,-32.884903475510946,0.5117963404062176,2.0275066793528707
"1,2-ETHANEDIOL",C(CO)O,"InChI=1S/C2H6O2/c3-1-2-4/h3-4H,1-2H2",-5.215227299030627,-5.8536298551940416,-5.164838326308034,-7.157156495937213,-8.509932814085143,-9.098503137512624,4.606545836738403,-13.747636177695844,-14.960030344519923,0.3817137247064829,0.8304767860417119
WATER,O,InChI=1S/H2O/h1H2,0.0,0.0,0.0,0.0,0.0,0.0,0.0,0.0,0.0,0.0,0.0
M-CRESOL,CC1=CC(=CC=C1)O,"InChI=1S/C7H8O/c1-6-3-2-4-7(8)5-6/h2-5,8H,1H3",-9.923144946997276,-11.302384628559352,-9.391456571205737,-18.7378681393345,-18.53226644635761,-17.053607489808474,7.453745039766431,-29.83737560685621,-31.06831603864641,-0.1666036394717335,1.3464586114719994
1-DECANOL,CCCCCCCCCCO,"InChI=1S/C10H22O/c1-2-3-4-5-6-7-8-9-10-11/h11H,2-10H2,1H3",-9.771670549460936,-11.072308453751624,-10.280699575122076,-18.2258432682888,-19.230264799931422,-14.51562279054853,7.653203086526831,-30.821979774182655,-32.54722437345251,-0.3380390982954735,1.232277073837062
1-NONANOL,CCCCCCCCCO,"InChI=1S/C9H20O/c1-2-3-4-5-6-7-8-9-10/h10H,2-9H2,1H3",-10.087577405318797,-11.378576771356723,-10.66324161168792,-18.67995969435368,-19.90000950430252,-16.28551461903277,6.097640470482542,-31.67494790843029,-33.36600808282704,-0.5990200914000173,1.044495005588542
1-OCTANOL,CCCCCCCCO,"InChI=1S/C8H18O/c1-2-3-4-5-6-7-8-9/h9H,2-8H2,1H3",-10.40838510650208,-11.735472515079556,-11.056269323686488,-19.175125953059503,-20.609704762327556,-18.017641056987287,4.643906936398275,-32.60001673658683,-34.26498667420069,-0.8369715041984997,0.8681085007776465
CYCLOPENTANOL,C1CCC(C1)O,"InChI=1S/C5H10O/c6-5-3-1-2-4-5/h5-6H,1-4H2",-9.730851089017689,-10.919390785511796,-10.380153476525672,-18.06693239338652,-19.49320903591139,-18.14409640572408,2.373724755078233,-30.899984024883832,-32.488796772851835,-0.8487686733758487,0.7140738665502431
BENZYL ALCOHOL,C1=CC=C(C=C1)CO,"InChI=1S/C7H8O/c8-6-7-4-2-1-3-5-7/h1-5,8H,6H2",-10.441963113047969,-11.808426711436542,-11.51430696807787,-19.286296822367856,-21.01182911905845,-18.87909720996744,3.4974434030982064,-33.252600064291975,-34.99707942532007,-0.9073780139919552,0.7854655654794152
2-METHOXYETHANOL,COCCO,"InChI=1S/C3H8O2/c1-5-3-2-4/h4H,2-3H2,1H3",-9.255588322609094,-10.275779904583056,-10.014485157014976,-15.81888155969257,-18.799237211198356,-17.264140975120554,1.621374566442153,-29.599674088242043,-31.60933824193735,-0.960151520879992,0.5094118061961866
1-HEPTANOL,CCCCCCCO,"InChI=1S/C7H16O/c1-2-3-4-5-6-7-8/h8H,2-7H2,1H3",-10.593042179886057,-11.927640871230926,-11.23672836188319,-19.45295906689352,-21.041425161895813,-19.31438906563512,3.4329998013622736,-33.128002059202664,-34.760358370731346,-1.0459947520844113,0.7234363008290771
1-HEXANOL,CCCCCCO,"InChI=1S/C6H14O/c1-2-3-4-5-6-7/h7H,2-6H2,1H3",-10.861653682491234,-12.170311151743151,-11.7387230117099,-19.844673346032472,-21.58074861213214,-20.468132605704596,2.538437720582238,-33.85298970549732,-35.477472134200646,-1.2183087234916652,0.6136096756488519
2-METHYL-2-PROPANOL,CC(C)(C)O,"InChI=1S/C4H10O/c1-4(2,3)5/h5H,1-3H3",-11.611777941037912,-13.072788320481022,-12.34332165812224,-21.402659289457063,-23.65552841531842,-21.769641250210103,2.2370186638415297,-37.23269342854444,-39.18880508317351,-1.4080674450976791,0.6423244874837699
1-PENTANOL,CCCCCO,"InChI=1S/C5H12O/c1-2-3-4-5-6/h6H,2-5H2,1H3",-11.05561043928452,-12.37384369591076,-11.6785888242626,-20.12176607256683,-22.017766310179987,-21.83051384685502,1.2438997541433527,-34.38040076072134,-35.968790245646495,-1.4228766574745575,0.4594683648870808
N-METHYLFORMAMIDE,CNC=O,"InChI=1S/C2H5NO/c1-3-2-4/h2H,1H3,(H,3,4)",-8.897161456853079,-9.828767593293126,-9.128097319030726,-15.31039470491989,-17.55792944831021,-21.01264525736482,-2.7492371359172414,-26.93301760401841,-28.12007741416149,-1.4770934351017542,-0.0580194821429711
2-BUTANOL,CCC(C)O,"InChI=1S/C4H10O/c1-3-4(2)5/h4-5H,3H2,1-2H3",-11.53537244522531,-12.907063193521465,-12.248862728397397,-20.92176298381924,-23.13055259318349,-22.55590686195958,0.9010085208571552,-36.19668124163532,-37.983799845430006,-1.5365812883013747,0.4597068183089756
1-BUTANOL,CCCCO,"InChI=1S/C4H10O/c1-2-3-4-5/h5H,2-4H2,1H3",-11.159306301540235,-12.500838967342572,-10.531351770097002,-20.244669577435317,-22.228663246630425,-22.5997346546992,0.4578429433060658,-34.61735611025361,-36.181364083858455,-1.5436093890764966,0.366515456717414
2-PROPEN-1-OL,C=CCO,"InChI=1S/C3H6O/c1-2-3-4/h2,4H,1,3H2",-11.223324769711274,-12.609021518940526,-12.069708908886009,-20.320810733810795,-22.486064601992062,-23.438714034555225,-0.1772354222238405,-34.88924570718006,-36.4347270912567,-1.6995453755751635,0.266710150262576
2-METHYL-1-PROPANOL,CC(C)CO,"InChI=1S/C4H10O/c1-4(2)3-5/h4-5H,3H2,1-2H3",-11.648656644973965,-13.03926051455228,-12.230646142087068,-21.124441237879196,-23.292579126186343,-23.76419245320408,0.1902527882602819,-36.20822659199528,-37.83373630912735,-1.708895259672959,0.3215544368703534
2-PROPANOL,CC(C)O,"InChI=1S/C3H8O/c1-3(2)4/h3-4H,1-2H3",-11.785735986045273,-13.256033498636398,-12.441420140080698,-21.391541000826383,-23.77006484632848,-23.97701477949853,-0.2462778084380723,-37.05199748944309,-38.82697975550147,-1.755832932904266,0.3217050390249795
1-PROPANOL,CCCO,"InChI=1S/C3H8O/c1-2-3-4/h4H,2-3H2,1H3",-11.464696106561822,-12.88806222105229,-12.193949415762695,-20.788446095057697,-22.959329300071456,-24.033361497509368,-0.5876011721367876,-35.61812503124997,-37.18136373832119,-1.790283176974359,0.2369222980335899
ETHANOL,CCO,"InChI=1S/C2H6O/c1-2-3/h3H,2H2,1H3",-11.664802451582387,-13.098604040674418,-12.223304286812738,-21.053375505391795,-23.346647566171267,-25.034713690085617,-1.4930467696279714,-36.10997156845746,-37.65789884460264,-1.9526197552854017,0.1277294569467584
METHANOL,CO,"InChI=1S/CH4O/c1-2/h2H,1H3",-11.395701491996968,-12.62915828274463,-12.040943896335854,-19.968632278915585,-22.67222087918331,-26.21421587459971,-2.9275601572802006,-34.682136396970336,-36.08276921257384,-2.195904994606087,-0.1480168229233227
