model,feature_method,n_features,R2,RMSE,MAE
GaussianProcess,mutual_info,20,0.38009247875799623,1.3172648080655431,0.5728535156833175
GaussianProcess,mutual_info,25,0.3776706791694776,1.3198353864037204,0.5846785691614963
GaussianProcess,mutual_info,15,0.3419625000033796,1.3571722105874129,0.6325394871252705
GaussianProcess,rf_importance,25,0.33337797969334504,1.365996115483188,0.5907711330378931
KernelRidge,rf_importance,25,0.31949360383651937,1.3801482604564832,0.8158879120956123
GaussianProcess,rf_importance,20,0.31842614640377886,1.3812303018868988,0.6273503401372431
KernelRidge,mutual_info,20,0.31198438848570176,1.38774216160682,0.8179012922928284
SVR-RBF,rf_importance,20,0.2897676198226641,1.4099699951629296,0.652566282730682
KernelRidge,rf_importance,15,0.2789583574873741,1.4206588799931654,0.8180312823182774
GaussianProcess,rf_importance,15,0.2761306285918781,1.4234418726837286,0.6478108212045011
KernelRidge,mutual_info,25,0.2677105280753924,1.4316967258743836,0.8209853755875044
KernelRidge,rf_importance,20,0.2602729414429379,1.438948958371154,0.8479146210039431
SVR-RBF,rf_importance,15,0.24087412087912885,1.4576945670582253,0.6909535682428273
SVR-RBF,rf_importance,25,0.22222005391831368,1.4754959006827322,0.7012664809247827
SVR-RBF,mutual_info,15,0.20253826221607352,1.4940480464313453,0.7468521728072185
KernelRidge,mutual_info,15,0.1532546121281586,1.539522556783361,0.9537930377414671
BayesianRidge,mutual_info,25,0.08483187465339681,1.6005162186320803,0.7685974540551835
BayesianRidge,rf_importance,25,0.06132981124905623,1.620937050563283,0.9146162530630348
SVR-RBF,mutual_info,20,0.04616601819538568,1.633977349590055,0.6405648058736026
BayesianRidge,mutual_info,20,0.032355864801280165,1.6457636694838467,0.7796374600280276
BayesianRidge,rf_importance,20,-0.034245826443485505,1.701459143931657,0.9531933850792155
BayesianRidge,mutual_info,15,-0.18576717776375973,1.8218362911590043,0.9249886569858919
BayesianRidge,rf_importance,15,-0.2422667601098616,1.864734770822742,1.0405210532727176
SVR-RBF,mutual_info,25,-0.649632310726024,2.148835715789954,0.7535014016532086
