molecule,kernel,bounds,feature_method,n_features,n_samples,R2,RMSE,MAE,n_params,ratio,fitted_noise,noise_floor,at_noise_floor,fitted_kernel
wat,Matern15,f0.02,rf_importance,30,127,0.9031907156407707,0.5337690603860796,0.2522114750110438,62.722046693931595,2.024806375017213,0.02,0.02,True,"1.27**2 * Matern(length_scale=13, nu=1.5) + WhiteKernel(noise_level=0.02)"
wat,Matern15,f0.05,rf_importance,30,127,0.9014965722951083,0.5384192308935657,0.2706701894630801,48.33468992076419,2.627512459647369,0.05000000000000001,0.05,True,"1.26**2 * Matern(length_scale=13.2, nu=1.5) + WhiteKernel(noise_level=0.05)"
wat,Matern25,f0.02,rf_importance,30,127,0.9001959950890525,0.5419620491274671,0.25333380461336913,59.51096728111403,2.1340604228475346,0.02,0.02,True,"1.05**2 * Matern(length_scale=8.61, nu=2.5) + WhiteKernel(noise_level=0.02)"
wat,Matern15,f0.1,rf_importance,30,127,0.8991903897325074,0.5446855569928664,0.2978216639127298,38.13837904095645,3.329978965902454,0.10000000000000002,0.1,True,"1.28**2 * Matern(length_scale=13.7, nu=1.5) + WhiteKernel(noise_level=0.1)"
wat,Matern25,f0.05,rf_importance,30,127,0.8986343396717369,0.5461856914289153,0.27008591623184863,46.23852424276595,2.7466274514561144,0.05000000000000001,0.05,True,"1.04**2 * Matern(length_scale=8.87, nu=2.5) + WhiteKernel(noise_level=0.05)"
wat,Matern25,f0.1,rf_importance,30,127,0.8964499473293627,0.5520393727799184,0.2966930565112503,36.808699719230844,3.450271293708546,0.10000000000000002,0.1,True,"1.06**2 * Matern(length_scale=9.2, nu=2.5) + WhiteKernel(noise_level=0.1)"
wat,Matern15,f0.2,rf_importance,30,127,0.8939330251183171,0.5587081196846897,0.33179190884061627,29.214403680339665,4.347170710366641,0.2,0.2,True,"1.31**2 * Matern(length_scale=14.3, nu=1.5) + WhiteKernel(noise_level=0.2)"
wat,Matern15,f0.02,rf_importance,25,127,0.893272565257003,0.5604449074003213,0.24643146237837688,60.03058850703351,2.1155881219641883,0.02,0.02,True,"1.3**2 * Matern(length_scale=9.26, nu=1.5) + WhiteKernel(noise_level=0.02)"
wat,RatQuad,f0.02,rf_importance,30,127,0.893181973576301,0.5606827135318037,0.25849008020450037,57.51891867158835,2.2079691853235768,0.02,0.02,True,"0.86**2 * RationalQuadratic(alpha=1e+05, length_scale=5.56) + WhiteKernel(noise_level=0.02)"
wat,RBF,f0.02,rf_importance,30,127,0.8931657446612756,0.5607253043136725,0.25853989485278056,57.518899696572234,2.207969913714612,0.02,0.02,True,0.86**2 * RBF(length_scale=5.56) + WhiteKernel(noise_level=0.02)
wat,RatQuad,f0.05,rf_importance,30,127,0.8925237110898474,0.5624076543003784,0.27310853190831247,44.94307103156369,2.8257971047596504,0.05000000000000001,0.05,True,"0.856**2 * RationalQuadratic(alpha=1e+05, length_scale=5.77) + WhiteKernel(noise_level=0.05)"
wat,RBF,f0.05,rf_importance,30,127,0.8925235233569933,0.5624081454894074,0.273108806380255,44.943064094839556,2.8257975409064815,0.05000000000000001,0.05,True,0.856**2 * RBF(length_scale=5.77) + WhiteKernel(noise_level=0.05)
wat,Matern25,f0.2,rf_importance,30,127,0.8915138906249098,0.5650435982896942,0.3309766366639872,28.413999505700648,4.469627726097491,0.2,0.2,True,"1.09**2 * Matern(length_scale=9.61, nu=2.5) + WhiteKernel(noise_level=0.2)"
wat,Matern25,f0.02,rf_importance,25,127,0.891040678483646,0.5662746063217314,0.24689618194748428,57.24176066540737,2.2186599175791826,0.02,0.02,True,"1.14**2 * Matern(length_scale=6.47, nu=2.5) + WhiteKernel(noise_level=0.02)"
wat,RatQuad,f0.1,rf_importance,30,127,0.8907211603710956,0.5671042854128058,0.29781343046563286,36.02485784651654,3.525343543091327,0.10000000000000002,0.1,True,"0.869**2 * RationalQuadratic(alpha=1e+05, length_scale=5.98) + WhiteKernel(noise_level=0.1)"
wat,RBF,f0.1,rf_importance,30,127,0.8907210574465839,0.5671045524769425,0.297813316145336,36.02493590550803,3.5253359043612438,0.10000000000000002,0.1,True,0.869**2 * RBF(length_scale=5.98) + WhiteKernel(noise_level=0.1)
wat,RBF,f0.02,mutual_info,30,127,0.8897047336892185,0.5697355623103609,0.26790198110182845,62.80949152679514,2.0219873925554794,0.02,0.02,True,1.03**2 * RBF(length_scale=5.69) + WhiteKernel(noise_level=0.02)
wat,RatQuad,f0.02,mutual_info,30,127,0.8896083027688025,0.5699845672007895,0.26783724079435084,62.80951333521256,2.021986690490733,0.02,0.02,True,"1.03**2 * RationalQuadratic(alpha=1e+05, length_scale=5.69) + WhiteKernel(noise_level=0.02)"
wat,Matern15,f0.05,rf_importance,25,127,0.889450135062238,0.5703927540689867,0.26644182983101283,47.76791278329309,2.658688491920427,0.05000000000000001,0.05,True,"1.26**2 * Matern(length_scale=9.44, nu=1.5) + WhiteKernel(noise_level=0.05)"
wat,Matern25,f0.02,mutual_info,30,127,0.8894400881106524,0.5704186725908683,0.26370262695155683,64.5420193146798,1.967710359057737,0.02,0.02,True,"1.28**2 * Matern(length_scale=9.07, nu=2.5) + WhiteKernel(noise_level=0.02)"
wat,Matern15,f0.02,mutual_info,30,127,0.8886184272002522,0.5725343722731546,0.26145314297245664,67.26454085176488,1.8880675968617393,0.02,0.02,True,"1.68**2 * Matern(length_scale=15.2, nu=1.5) + WhiteKernel(noise_level=0.02)"
wat,RBF,f0.02,rf_importance,25,127,0.887556208331749,0.5752579544156197,0.25012446971350477,55.36258641747618,2.293967970396524,0.02,0.02,True,1.02**2 * RBF(length_scale=4.46) + WhiteKernel(noise_level=0.02)
wat,RatQuad,f0.02,rf_importance,25,127,0.8871868469631646,0.5762019988059739,0.2507484732541214,55.63759959952723,2.2826290299029934,0.02,0.02,True,"1.03**2 * RationalQuadratic(alpha=8.2, length_scale=4.56) + WhiteKernel(noise_level=0.02)"
wat,Matern25,f0.05,rf_importance,25,127,0.8866840205050275,0.5774846838342615,0.26620387572474624,45.982611689136824,2.761913587218082,0.05000000000000001,0.05,True,"1.11**2 * Matern(length_scale=6.67, nu=2.5) + WhiteKernel(noise_level=0.05)"
wat,Matern25,f0.05,mutual_info,30,127,0.8864469066046845,0.5780885619891494,0.27431003134487386,50.55899933865643,2.5119168033632002,0.05000000000000001,0.05,True,"1.29**2 * Matern(length_scale=9.45, nu=2.5) + WhiteKernel(noise_level=0.05)"
wat,Matern15,f0.05,mutual_info,30,127,0.8863529794282069,0.5783275999624796,0.27289480112881376,52.163099463269546,2.43467127733517,0.05000000000000001,0.05,True,"1.7**2 * Matern(length_scale=15.7, nu=1.5) + WhiteKernel(noise_level=0.05)"
wat,RBF,f0.2,rf_importance,30,127,0.8861563916209703,0.5788275824089066,0.33126097238365326,27.965450529917316,4.541317861628439,0.2,0.2,True,0.892**2 * RBF(length_scale=6.24) + WhiteKernel(noise_level=0.2)
wat,RatQuad,f0.2,rf_importance,30,127,0.8861563315113457,0.5788277352198752,0.33126078424580535,27.965482390243668,4.541312687826424,0.2,0.2,True,"0.892**2 * RationalQuadratic(alpha=1e+05, length_scale=6.24) + WhiteKernel(noise_level=0.2)"
wat,RBF,f0.05,mutual_info,30,127,0.8856252722985762,0.5801762254696624,0.2791208870643926,49.55733773842119,2.5626881062567346,0.05000000000000001,0.05,True,1.04**2 * RBF(length_scale=5.94) + WhiteKernel(noise_level=0.05)
wat,RatQuad,f0.05,mutual_info,30,127,0.8856250173973522,0.5801768719741419,0.2791202896696944,49.55735035602766,2.562687453780567,0.05000000000000001,0.05,True,"1.04**2 * RationalQuadratic(alpha=1e+05, length_scale=5.94) + WhiteKernel(noise_level=0.05)"
wat,Matern15,f0.1,rf_importance,25,127,0.8852607545794976,0.5811000146833576,0.2941853447931333,37.946504299312295,3.3468168503284668,0.10000000000000002,0.1,True,"1.27**2 * Matern(length_scale=10.1, nu=1.5) + WhiteKernel(noise_level=0.1)"
wat,Matern15,f0.02,rf_importance,15,127,0.8836317772819096,0.5852104766385261,0.27374075010746823,55.897888650272556,2.271999946090643,0.02,0.02,True,"1.22**2 * Matern(length_scale=4.74, nu=1.5) + WhiteKernel(noise_level=0.02)"
wat,Matern15,f0.1,mutual_info,30,127,0.8834468264646818,0.5856753466064817,0.2942279890154616,40.72761890973769,3.1182770660239894,0.10000000000000002,0.1,True,"1.73**2 * Matern(length_scale=16.7, nu=1.5) + WhiteKernel(noise_level=0.1)"
wat,Matern25,f0.1,mutual_info,30,127,0.8828906932751031,0.5870709580582982,0.2943269372446831,39.791588015451765,3.1916293451440967,0.10000000000000002,0.1,True,"1.31**2 * Matern(length_scale=9.98, nu=2.5) + WhiteKernel(noise_level=0.1)"
wat,RBF,f0.05,rf_importance,25,127,0.882674944357568,0.5876114857283824,0.2693223599470752,44.6045321491842,2.847244301884753,0.05000000000000001,0.05,True,0.994**2 * RBF(length_scale=4.65) + WhiteKernel(noise_level=0.05)
wat,RatQuad,f0.05,rf_importance,25,127,0.8824896742303262,0.5880752567005213,0.2697315463763024,44.7685967523398,2.836809934038471,0.05000000000000001,0.05,True,"1**2 * RationalQuadratic(alpha=12.3, length_scale=4.72) + WhiteKernel(noise_level=0.05)"
wat,Matern25,f0.1,rf_importance,25,127,0.8823166804909611,0.5885079672843465,0.29370744791656944,36.702278087937025,3.460275672690225,0.10000000000000002,0.1,True,"1.11**2 * Matern(length_scale=7.11, nu=2.5) + WhiteKernel(noise_level=0.1)"
wat,RatQuad,f0.1,mutual_info,30,127,0.8810365764968676,0.5917000671448217,0.2982289917785494,39.21017235467003,3.238955413183079,0.10000000000000002,0.1,True,"1.06**2 * RationalQuadratic(alpha=1e+05, length_scale=6.27) + WhiteKernel(noise_level=0.1)"
wat,RBF,f0.1,mutual_info,30,127,0.8810364502827449,0.5917003810265297,0.2982290445034554,39.21018275998399,3.2389545536525794,0.10000000000000002,0.1,True,1.06**2 * RBF(length_scale=6.27) + WhiteKernel(noise_level=0.1)
wat,Matern25,f0.02,rf_importance,15,127,0.8796539282912886,0.5951286404156451,0.27531009772553916,52.57206336927529,2.4157316997038896,0.02,0.02,True,"1.19**2 * Matern(length_scale=3.71, nu=2.5) + WhiteKernel(noise_level=0.02)"
wat,RBF,f0.1,rf_importance,25,127,0.8775495452217623,0.6003093295877484,0.29415188604508885,35.65621068985442,3.5617918321347717,0.10000000000000002,0.1,True,0.982**2 * RBF(length_scale=4.94) + WhiteKernel(noise_level=0.1)
wat,RatQuad,f0.1,rf_importance,25,127,0.8775473401273517,0.6003147347648474,0.29416812963879935,35.66274834103707,3.561138888834916,0.10000000000000002,0.1,True,"0.983**2 * RationalQuadratic(alpha=269, length_scale=4.94) + WhiteKernel(noise_level=0.1)"
wat,Matern15,f0.2,mutual_info,30,127,0.8771919385100124,0.601185268101869,0.32768437903515085,30.524286495239245,4.160621412716975,0.2,0.2,True,"1.74**2 * Matern(length_scale=17.6, nu=1.5) + WhiteKernel(noise_level=0.2)"
wat,RatQuad,f0.02,rf_importance,15,127,0.8770862674469653,0.6014438595400846,0.27435471531537003,50.215239199762934,2.5291127160577096,0.02,0.02,True,"1.15**2 * RationalQuadratic(alpha=1e+05, length_scale=2.73) + WhiteKernel(noise_level=0.02)"
wat,Matern15,f0.2,rf_importance,25,127,0.8770677586282221,0.6014891416908477,0.33340792564761734,28.59018589984251,4.442083743173548,0.2,0.2,True,"1.31**2 * Matern(length_scale=11.1, nu=1.5) + WhiteKernel(noise_level=0.2)"
wat,Matern15,f0.05,rf_importance,15,127,0.876872210474973,0.601967345586667,0.293970271019462,44.00469693672484,2.886055554083593,0.05000000000000001,0.05,True,"1.15**2 * Matern(length_scale=4.95, nu=1.5) + WhiteKernel(noise_level=0.05)"
wat,Matern15,f0.5,rf_importance,30,127,0.8765002037999869,0.602876023399814,0.38652959909071044,19.852952156460898,6.3970334990541655,0.5,0.5,True,"1.31**2 * Matern(length_scale=14.4, nu=1.5) + WhiteKernel(noise_level=0.5)"
wat,Matern25,f0.2,mutual_info,30,127,0.8760299016709782,0.6040228449573847,0.32792011249924097,29.89347430425019,4.248418859160289,0.2,0.2,True,"1.33**2 * Matern(length_scale=10.7, nu=2.5) + WhiteKernel(noise_level=0.2)"
wat,RBF,f0.02,rf_importance,15,127,0.8756832220429333,0.6048668235662625,0.2761646807572167,50.215219968677594,2.529113684640193,0.02,0.02,True,1.15**2 * RBF(length_scale=2.73) + WhiteKernel(noise_level=0.02)
wat,Matern15,f0.02,rf_importance,20,127,0.875539823898333,0.6052155769025808,0.26297634347529825,60.781679295155314,2.0894453965855253,0.02,0.02,True,"1.23**2 * Matern(length_scale=6.81, nu=1.5) + WhiteKernel(noise_level=0.02)"
wat,Matern25,f0.5,rf_importance,30,127,0.8749315895378885,0.606692612675673,0.38599770999591637,19.395218763029753,6.548005544649044,0.5,0.5,True,"1.11**2 * Matern(length_scale=9.95, nu=2.5) + WhiteKernel(noise_level=0.5)"
wat,Matern25,f0.2,rf_importance,25,127,0.8743158823534839,0.6081841419517762,0.33303406000989694,27.758223681643553,4.5752207150050745,0.2,0.2,True,"1.13**2 * Matern(length_scale=7.8, nu=2.5) + WhiteKernel(noise_level=0.2)"
wat,RatQuad,f0.2,mutual_info,30,127,0.873323283169705,0.6105810074834825,0.3324088192571581,29.464908761244583,4.3102118872685615,0.2,0.2,True,"1.07**2 * RationalQuadratic(alpha=8.94e+04, length_scale=6.75) + WhiteKernel(noise_level=0.2)"
wat,RBF,f0.2,mutual_info,30,127,0.8733229872650581,0.6105817206123686,0.33240937625251954,29.463988206387985,4.310346552896921,0.2,0.2,True,1.07**2 * RBF(length_scale=6.75) + WhiteKernel(noise_level=0.2)
wat,Matern25,f0.05,rf_importance,15,127,0.87119719816752,0.6156835453088517,0.2977906303634428,41.84688339866507,3.0348735601192067,0.05000000000000001,0.05,True,"1.1**2 * Matern(length_scale=3.86, nu=2.5) + WhiteKernel(noise_level=0.05)"
wat,Matern25,f0.02,rf_importance,20,127,0.8708824103907573,0.6164354364975592,0.26373593566949655,57.885348051598655,2.1939921633846438,0.02,0.02,True,"1.13**2 * Matern(length_scale=5, nu=2.5) + WhiteKernel(noise_level=0.02)"
wat,Matern15,f0.1,rf_importance,15,127,0.8707392200011854,0.6167771528047588,0.31742306358883887,34.42648712421943,3.6890200136235816,0.10000000000000002,0.1,True,"1.13**2 * Matern(length_scale=5.42, nu=1.5) + WhiteKernel(noise_level=0.1)"
wat,Matern15,f0.05,rf_importance,20,127,0.8706456270779053,0.6170004050983662,0.28221181347967217,48.25415348509056,2.631897791746365,0.05000000000000001,0.05,True,"1.21**2 * Matern(length_scale=7.26, nu=1.5) + WhiteKernel(noise_level=0.05)"
wat,RatQuad,f0.5,rf_importance,30,127,0.87049175304346,0.6173672737323884,0.38537129933578984,19.150288095115748,6.631754016922135,0.5,0.5,True,"0.913**2 * RationalQuadratic(alpha=1e+05, length_scale=6.51) + WhiteKernel(noise_level=0.5)"
wat,RBF,f0.5,rf_importance,30,127,0.8704911884383923,0.6173686194702842,0.3853739969368608,19.150233151104693,6.631773044114292,0.5,0.5,True,0.913**2 * RBF(length_scale=6.51) + WhiteKernel(noise_level=0.5)
wat,RBF,f0.2,rf_importance,25,127,0.869083234240135,0.6207154073686211,0.33402074871143156,27.046979747417097,4.695533519306462,0.2,0.2,True,0.987**2 * RBF(length_scale=5.36) + WhiteKernel(noise_level=0.2)
wat,RatQuad,f0.2,rf_importance,25,127,0.8690829867575849,0.6207159940626109,0.33402129158342203,27.047235276278986,4.695489158235029,0.2,0.2,True,"0.987**2 * RationalQuadratic(alpha=1e+05, length_scale=5.36) + WhiteKernel(noise_level=0.2)"
wat,RatQuad,f0.05,rf_importance,15,127,0.8667906245318312,0.626126792174905,0.3012156137337179,40.32977937835829,3.14903780674165,0.05000000000000001,0.05,True,"1.06**2 * RationalQuadratic(alpha=18, length_scale=2.87) + WhiteKernel(noise_level=0.05)"
wat,Matern15,f0.1,rf_importance,20,127,0.8658175501692247,0.628409511840639,0.30783137206881866,37.81291086062935,3.3586411918430716,0.10000000000000002,0.1,True,"1.21**2 * Matern(length_scale=7.97, nu=1.5) + WhiteKernel(noise_level=0.1)"
wat,RBF,f0.05,rf_importance,15,127,0.8653447794285263,0.6295155894241417,0.3029714227784212,40.2208598094403,3.1575655170402808,0.05000000000000001,0.05,True,1.05**2 * RBF(length_scale=2.85) + WhiteKernel(noise_level=0.05)
wat,Matern25,f0.05,rf_importance,20,127,0.8648844830181995,0.6305906185239682,0.28429333832838427,46.40521513682197,2.7367613667030937,0.05000000000000001,0.05,True,"1.11**2 * Matern(length_scale=5.35, nu=2.5) + WhiteKernel(noise_level=0.05)"
wat,RatQuad,f0.02,rf_importance,20,127,0.8646196163774875,0.631208388596701,0.26613478196009416,56.21024616642832,2.2593745564460987,0.02,0.02,True,"1.06**2 * RationalQuadratic(alpha=6.48, length_scale=3.63) + WhiteKernel(noise_level=0.02)"
wat,RBF,f0.02,rf_importance,20,127,0.8646058405350523,0.6312405025776172,0.2666468574853422,55.8829030525323,2.2726092071597392,0.02,0.02,True,1.04**2 * RBF(length_scale=3.53) + WhiteKernel(noise_level=0.02)
wat,Matern25,f0.1,rf_importance,15,127,0.8641813779017475,0.6322292023050866,0.3208125279735563,32.94375392990197,3.855055506735261,0.10000000000000002,0.1,True,"1.06**2 * Matern(length_scale=4.19, nu=2.5) + WhiteKernel(noise_level=0.1)"
wat,Matern15,f0.2,rf_importance,15,127,0.8621396536453901,0.6369635406446349,0.35264763959253864,25.287345963278174,5.022274784567234,0.2,0.2,True,"1.13**2 * Matern(length_scale=6.18, nu=1.5) + WhiteKernel(noise_level=0.2)"
wat,Matern25,f0.1,rf_importance,20,127,0.8597281382943013,0.6425104154533111,0.3089689293361217,36.53776895758603,3.4758553579838116,0.10000000000000002,0.1,True,"1.09**2 * Matern(length_scale=5.84, nu=2.5) + WhiteKernel(noise_level=0.1)"
wat,Matern15,f0.2,rf_importance,20,127,0.8589452821419719,0.6443008436148066,0.34488819069602616,27.66910738153859,4.5899565261992175,0.2,0.2,True,"1.24**2 * Matern(length_scale=9.16, nu=1.5) + WhiteKernel(noise_level=0.2)"
wat,RatQuad,f0.05,rf_importance,20,127,0.8577085106201743,0.6471193024932773,0.28825151121296655,45.29694637585601,2.8037210046391343,0.05000000000000001,0.05,True,"1.05**2 * RationalQuadratic(alpha=5.41, length_scale=3.93) + WhiteKernel(noise_level=0.05)"
wat,RBF,f0.05,rf_importance,20,127,0.8576712867766436,0.647203941049608,0.2888942502750145,44.977815203513714,2.8236142512782307,0.05000000000000001,0.05,True,1.02**2 * RBF(length_scale=3.8) + WhiteKernel(noise_level=0.05)
wat,RatQuad,f0.1,rf_importance,15,127,0.8574392851977785,0.6477312106145147,0.32531672313444454,31.889002193688864,3.982564246714954,0.10000000000000002,0.1,True,"0.999**2 * RationalQuadratic(alpha=16.6, length_scale=3.09) + WhiteKernel(noise_level=0.1)"
wat,Matern15,f0.5,mutual_info,30,127,0.8570888740718432,0.6485267766338246,0.39217207831639905,20.07471954055061,6.326364846266571,0.5,0.5,True,"1.58**2 * Matern(length_scale=17, nu=1.5) + WhiteKernel(noise_level=0.5)"
wat,RBF,f0.1,rf_importance,15,127,0.8565619595782853,0.6497212384217703,0.3265488083083061,31.79051633396953,3.994902085446629,0.10000000000000002,0.1,True,0.992**2 * RBF(length_scale=3.07) + WhiteKernel(noise_level=0.1)
wat,Matern25,f0.5,mutual_info,30,127,0.855834394705782,0.6513669539636759,0.3922657767074251,19.54980912962455,6.496227106767615,0.5,0.5,True,"1.29**2 * Matern(length_scale=11.2, nu=2.5) + WhiteKernel(noise_level=0.5)"
wat,Matern25,f0.2,rf_importance,15,127,0.8554299122021904,0.6522800774298332,0.3573928647525649,24.31878111735976,5.22230120774195,0.2,0.2,True,"1.04**2 * Matern(length_scale=4.73, nu=2.5) + WhiteKernel(noise_level=0.2)"
wat,Matern15,f0.5,rf_importance,25,127,0.8543854324363853,0.6546321104058378,0.39925455993923625,18.817360201241595,6.7490869410907255,0.5,0.5,True,"1.33**2 * Matern(length_scale=12.2, nu=1.5) + WhiteKernel(noise_level=0.5)"
wat,RBF,f0.5,mutual_info,30,127,0.8530144359614433,0.657706650531011,0.3948457609605242,19.194704587069037,6.616408156943272,0.5,0.5,True,1.06**2 * RBF(length_scale=7.26) + WhiteKernel(noise_level=0.5)
wat,RatQuad,f0.5,mutual_info,30,127,0.8530141986938744,0.6577071813736011,0.3948464891564523,19.194719015876455,6.61640318334199,0.5,0.5,True,"1.06**2 * RationalQuadratic(alpha=1e+05, length_scale=7.26) + WhiteKernel(noise_level=0.5)"
wat,Matern25,f0.2,rf_importance,20,127,0.8528949568335001,0.6579739089345982,0.3474376555384263,26.781023719168964,4.742163754894016,0.2,0.2,True,"1.1**2 * Matern(length_scale=6.63, nu=2.5) + WhiteKernel(noise_level=0.2)"
wat,Matern25,f0.5,rf_importance,25,127,0.8523076327966774,0.6592860969061903,0.3996324707411536,18.290867317241325,6.943355817812278,0.5,0.5,True,"1.16**2 * Matern(length_scale=8.67, nu=2.5) + WhiteKernel(noise_level=0.5)"
wat,RatQuad,f0.1,rf_importance,20,127,0.8516142993905286,0.6608317755215475,0.3130136046611362,35.74666949503059,3.5527785327708705,0.10000000000000002,0.1,True,"1.01**2 * RationalQuadratic(alpha=6.72, length_scale=4.24) + WhiteKernel(noise_level=0.1)"
wat,RBF,f0.1,rf_importance,20,127,0.8515312319700759,0.6610167189170688,0.31331286972375927,35.548235305145234,3.572610536355319,0.10000000000000002,0.1,True,0.99**2 * RBF(length_scale=4.12) + WhiteKernel(noise_level=0.1)
wat,Matern15,f1.0,rf_importance,30,127,0.8485958227852372,0.6675192899059684,0.45317088595477395,14.47328774258486,8.774785816378609,1.0,1.0,True,"1.21**2 * Matern(length_scale=13.2, nu=1.5) + WhiteKernel(noise_level=1)"
wat,Matern25,f1.0,rf_importance,30,127,0.8481289699071547,0.6685476414604428,0.4514976615959091,14.147855433619698,8.976625510196305,1.0,1.0,True,"1.06**2 * Matern(length_scale=9.58, nu=2.5) + WhiteKernel(noise_level=1)"
wat,RBF,f0.5,rf_importance,25,127,0.8476469444440019,0.6696077570314702,0.40093558063175455,17.832640274220736,7.12177210144221,0.5,0.5,True,1**2 * RBF(length_scale=5.96) + WhiteKernel(noise_level=0.5)
wat,RatQuad,f0.5,rf_importance,25,127,0.8476444976900843,0.6696131338807197,0.4009392068349098,17.83276936172849,7.121720548495344,0.5,0.5,True,"1**2 * RationalQuadratic(alpha=1e+05, length_scale=5.96) + WhiteKernel(noise_level=0.5)"
wat,RatQuad,f0.2,rf_importance,15,127,0.8468315542966377,0.6713972287962845,0.3650281596638013,23.525526848961036,5.398391322556448,0.2,0.2,True,"0.953**2 * RationalQuadratic(alpha=1e+05, length_scale=3.43) + WhiteKernel(noise_level=0.2)"
wat,RBF,f0.2,rf_importance,15,127,0.8460510827260244,0.6731056114279841,0.36581436259676153,23.5254954554667,5.398398526416096,0.2,0.2,True,0.953**2 * RBF(length_scale=3.43) + WhiteKernel(noise_level=0.2)
wat,RBF,f1.0,rf_importance,30,127,0.8448670183045717,0.675689175499459,0.45170790582184395,13.965070722826503,9.09411792612071,1.0,1.0,True,0.889**2 * RBF(length_scale=6.4) + WhiteKernel(noise_level=1)
wat,RatQuad,f1.0,rf_importance,30,127,0.8448662894610584,0.6756907627541123,0.45170531466670233,13.965096865294822,9.094100902057644,1.0,1.0,True,"0.889**2 * RationalQuadratic(alpha=1e+05, length_scale=6.4) + WhiteKernel(noise_level=1)"
wat,RBF,f0.2,rf_importance,20,127,0.8438182738106905,0.6779692570689057,0.35272314416745226,26.068760145679985,4.871731501240804,0.2,0.2,True,0.976**2 * RBF(length_scale=4.63) + WhiteKernel(noise_level=0.2)
wat,RatQuad,f0.2,rf_importance,20,127,0.8438016393748158,0.6780053603190626,0.3527770927775257,26.108181960922582,4.864375473944805,0.2,0.2,True,"0.982**2 * RationalQuadratic(alpha=31.6, length_scale=4.66) + WhiteKernel(noise_level=0.2)"
wat,Matern15,f0.02,mutual_info,25,127,0.8419998787586724,0.6819045712340427,0.30339113501484477,73.77438020817041,1.7214648180254712,0.02,0.02,True,"1.51**2 * Matern(length_scale=9.18, nu=1.5) + WhiteKernel(noise_level=0.02)"
wat,Matern15,f0.5,rf_importance,20,127,0.8418716507469057,0.6821812214452613,0.40586336967469394,17.803263988860564,7.133523385344588,0.5,0.5,True,"1.28**2 * Matern(length_scale=10.5, nu=1.5) + WhiteKernel(noise_level=0.5)"
wat,Matern15,f0.5,rf_importance,15,127,0.8406314662034559,0.6848511356352079,0.4151648797750069,16.383362072237386,7.751766666697143,0.5,0.5,True,"1.11**2 * Matern(length_scale=6.97, nu=1.5) + WhiteKernel(noise_level=0.5)"
wat,Matern25,f0.02,mutual_info,25,127,0.8386623543829177,0.6890690587168979,0.30370326627354255,71.6223342233477,1.7731899047573918,0.02,0.02,True,"1.19**2 * Matern(length_scale=5.77, nu=2.5) + WhiteKernel(noise_level=0.02)"
wat,Matern25,f0.02,mutual_info,15,127,0.8384754864896758,0.6894679972882092,0.326667451570627,61.24840270495075,2.073523461694039,0.02,0.02,True,"1.07**2 * Matern(length_scale=2.34, nu=2.5) + WhiteKernel(noise_level=0.02)"
wat,Matern15,f0.02,mutual_info,15,127,0.8381139425758344,0.6902391917663191,0.32109794936629826,63.520386665708,1.9993581063725165,0.02,0.02,True,"1.11**2 * Matern(length_scale=2.95, nu=1.5) + WhiteKernel(noise_level=0.02)"
wat,RBF,f0.02,mutual_info,15,127,0.8372674489460518,0.6920414509671332,0.33378000309185896,58.400393297385214,2.1746428890177736,0.02,0.02,True,1.13**2 * RBF(length_scale=1.94) + WhiteKernel(noise_level=0.02)
wat,RatQuad,f0.02,mutual_info,15,127,0.8369512349944936,0.6927134952419727,0.32864852919227044,61.86013939081526,2.0530183289379464,0.02,0.02,True,"1.11**2 * RationalQuadratic(alpha=0.738, length_scale=1.89) + WhiteKernel(noise_level=0.02)"
wat,Matern25,f0.5,rf_importance,20,127,0.8366690702545084,0.6933126253031894,0.4093474825825381,17.251520817795786,7.361669811104033,0.5,0.5,True,"1.13**2 * Matern(length_scale=7.64, nu=2.5) + WhiteKernel(noise_level=0.5)"
wat,Matern15,f0.05,mutual_info,25,127,0.8362055620983079,0.6942956858607902,0.3234460672721042,57.44991838774818,2.2106210689950108,0.05000000000000001,0.05,True,"1.63**2 * Matern(length_scale=10.6, nu=1.5) + WhiteKernel(noise_level=0.05)"
wat,Matern25,f0.5,rf_importance,15,127,0.8348511642250447,0.6971603029091155,0.42044531592005463,15.860559219782868,8.007283869385448,0.5,0.5,True,"1.02**2 * Matern(length_scale=5.36, nu=2.5) + WhiteKernel(noise_level=0.5)"
wat,Matern15,f0.05,mutual_info,15,127,0.8338015176190641,0.6993722860599618,0.3352563037322141,52.80640583481302,2.4050112480155637,0.05000000000000001,0.05,True,"1.13**2 * Matern(length_scale=3.35, nu=1.5) + WhiteKernel(noise_level=0.05)"
wat,Matern25,f0.05,mutual_info,25,127,0.8335062998966547,0.6999931566152048,0.3246278066542308,55.94276161607134,2.2701775230830794,0.05000000000000001,0.05,True,"1.29**2 * Matern(length_scale=6.63, nu=2.5) + WhiteKernel(noise_level=0.05)"
wat,RBF,f0.02,mutual_info,20,127,0.8321246996084596,0.7028915026335462,0.3285411383016297,65.46855177622825,1.9398626753511587,0.02,0.02,True,1.01**2 * RBF(length_scale=2.5) + WhiteKernel(noise_level=0.02)
wat,Matern25,f0.05,mutual_info,15,127,0.831975293340288,0.7032042140353029,0.34148381952213175,51.18715276236788,2.481091311907638,0.05000000000000001,0.05,True,"1.07**2 * Matern(length_scale=2.63, nu=2.5) + WhiteKernel(noise_level=0.05)"
wat,Matern15,f0.1,mutual_info,15,127,0.8313567713527955,0.7044973206760609,0.3466470646960414,42.897061217386366,2.960575768964946,0.10000000000000002,0.1,True,"1.19**2 * Matern(length_scale=4.09, nu=1.5) + WhiteKernel(noise_level=0.1)"
wat,RBF,f0.02,mutual_info,25,127,0.8302824813061547,0.7067376507319227,0.31042056812326907,70.12643188332694,1.8110147142705995,0.02,0.02,True,1.03**2 * RBF(length_scale=3.8) + WhiteKernel(noise_level=0.02)
wat,Matern15,f0.1,mutual_info,25,127,0.8298424495511313,0.707653247706582,0.35393064611844394,43.83896913052152,2.8969659305145523,0.10000000000000002,0.1,True,"1.85**2 * Matern(length_scale=13, nu=1.5) + WhiteKernel(noise_level=0.1)"
wat,Matern15,f0.02,mutual_info,20,127,0.8298006815007123,0.7077400951101775,0.3253307483937723,69.75688215679234,1.8206088929625963,0.02,0.02,True,"1.18**2 * Matern(length_scale=4.68, nu=1.5) + WhiteKernel(noise_level=0.02)"
wat,RatQuad,f0.02,mutual_info,25,127,0.8294480613620323,0.7084728662064755,0.31080657556747643,71.18506080921735,1.784082201466006,0.02,0.02,True,"1.21**2 * RationalQuadratic(alpha=1.11, length_scale=4.58) + WhiteKernel(noise_level=0.02)"
wat,Matern25,f0.02,mutual_info,20,127,0.829424398457397,0.7085220123626361,0.3271526270951196,67.43442193831619,1.8833111688296196,0.02,0.02,True,"1.08**2 * Matern(length_scale=3.47, nu=2.5) + WhiteKernel(noise_level=0.02)"
wat,Matern25,f0.1,mutual_info,15,127,0.8284900551544221,0.7104598590434918,0.3522458809881031,41.677092821666136,3.047237496708939,0.10000000000000002,0.1,True,"1.1**2 * Matern(length_scale=3.16, nu=2.5) + WhiteKernel(noise_level=0.1)"
wat,Matern25,f0.1,mutual_info,25,127,0.828324010143028,0.7108036868517148,0.3546572271724395,42.629215639225706,2.979177498239955,0.10000000000000002,0.1,True,"1.43**2 * Matern(length_scale=8.02, nu=2.5) + WhiteKernel(noise_level=0.1)"
wat,RBF,f0.5,rf_importance,20,127,0.8279937353355614,0.7114870897837656,0.41725894401650687,16.766618300921003,7.574574533793961,0.5,0.5,True,0.998**2 * RBF(length_scale=5.35) + WhiteKernel(noise_level=0.5)
wat,RatQuad,f0.5,rf_importance,20,127,0.8279903300788045,0.7114941325046618,0.41726322151148487,16.766623178261533,7.574572330381922,0.5,0.5,True,"0.998**2 * RationalQuadratic(alpha=1e+05, length_scale=5.35) + WhiteKernel(noise_level=0.5)"
wat,RBF,f0.05,mutual_info,15,127,0.8278156253521789,0.7118553617359981,0.3516289614716036,48.92383050704833,2.5958719643120225,0.05000000000000001,0.05,True,1.08**2 * RBF(length_scale=2.13) + WhiteKernel(noise_level=0.05)
wat,RatQuad,f0.05,mutual_info,15,127,0.8275137182226052,0.7124791700360469,0.351106894389732,50.61041258917106,2.509365039777877,0.05000000000000001,0.05,True,"1.06**2 * RationalQuadratic(alpha=1.97, length_scale=2.07) + WhiteKernel(noise_level=0.05)"
wat,RatQuad,f0.02,mutual_info,20,127,0.8274059674572801,0.7127016752387136,0.3290403852010668,65.46857966662206,1.9398618489465809,0.02,0.02,True,"1.01**2 * RationalQuadratic(alpha=1e+05, length_scale=2.5) + WhiteKernel(noise_level=0.02)"
wat,RBF,f0.05,mutual_info,25,127,0.8269151490406612,0.7137143370396809,0.3295369778743689,54.30489525401007,2.3386473614571948,0.05000000000000001,0.05,True,1.12**2 * RBF(length_scale=4.46) + WhiteKernel(noise_level=0.05)
wat,Matern15,f1.0,mutual_info,30,127,0.8266989276428782,0.7141599917163217,0.47212376819018775,14.219947421581457,8.931116004497563,1.0,1.0,True,"1.36**2 * Matern(length_scale=15.1, nu=1.5) + WhiteKernel(noise_level=1)"
wat,Matern25,f1.0,mutual_info,30,127,0.8264637719564307,0.7146443564393694,0.46948477083211065,13.836389246349404,9.178695231742466,1.0,1.0,True,"1.18**2 * Matern(length_scale=10.8, nu=2.5) + WhiteKernel(noise_level=1)"
wat,Matern15,f0.2,mutual_info,15,127,0.8260799929661831,0.7154341454767044,0.3723513033622719,31.67483471801627,4.0094921135536,0.2,0.2,True,"1.35**2 * Matern(length_scale=5.62, nu=1.5) + WhiteKernel(noise_level=0.2)"
wat,Matern15,f1.0,rf_importance,25,127,0.8254459047832242,0.7167371456674226,0.4675520319421547,13.52467098155328,9.390246917889481,1.0,1.0,True,"1.22**2 * Matern(length_scale=11.4, nu=1.5) + WhiteKernel(noise_level=1)"
wat,RatQuad,f0.5,rf_importance,15,127,0.825328633702804,0.7169778688277207,0.4305688140696475,15.36739130955449,8.264252366700605,0.5,0.5,True,"0.93**2 * RationalQuadratic(alpha=1e+05, length_scale=3.91) + WhiteKernel(noise_level=0.5)"
wat,RBF,f0.5,rf_importance,15,127,0.8253004895008902,0.7170356286013092,0.43060075386780994,15.367389401280889,8.264253392929213,0.5,0.5,True,0.93**2 * RBF(length_scale=3.91) + WhiteKernel(noise_level=0.5)
wat,Matern15,f0.05,mutual_info,20,127,0.8251422234705528,0.7173603481497648,0.3411029657734843,55.756945387217705,2.277743142455483,0.05000000000000001,0.05,True,"1.24**2 * Matern(length_scale=5.41, nu=1.5) + WhiteKernel(noise_level=0.05)"
wat,RatQuad,f0.05,mutual_info,25,127,0.8247666038796486,0.7181304312832691,0.33371694189948453,55.43738025385213,2.290873043034447,0.05000000000000001,0.05,True,"1.22**2 * RationalQuadratic(alpha=1.91, length_scale=4.91) + WhiteKernel(noise_level=0.05)"
wat,RatQuad,f1.0,mutual_info,30,127,0.8246848201837966,0.7182979921221307,0.4691882252194329,13.58693576513369,9.347214279609894,1.0,1.0,True,"0.992**2 * RationalQuadratic(alpha=1e+05, length_scale=7.2) + WhiteKernel(noise_level=1)"
wat,RBF,f1.0,mutual_info,30,127,0.8246847084777065,0.7182982209621193,0.46918789681945366,13.587638943667288,9.346730548738208,1.0,1.0,True,0.992**2 * RBF(length_scale=7.2) + WhiteKernel(noise_level=1)
wat,Matern25,f1.0,rf_importance,25,127,0.8241689298408185,0.7193540637909477,0.4660663983953718,13.138689591868964,9.666108565240439,1.0,1.0,True,"1.1**2 * Matern(length_scale=8.6, nu=2.5) + WhiteKernel(noise_level=1)"
wat,RBF,f0.1,mutual_info,15,127,0.824108918125499,0.7194768122573939,0.360489864573067,40.09990414068845,3.167089865213319,0.10000000000000002,0.1,True,1.06**2 * RBF(length_scale=2.43) + WhiteKernel(noise_level=0.1)
wat,RBF,f0.1,mutual_info,25,127,0.8240299491260759,0.7196383042092694,0.3595147041491701,41.13117102542902,3.0876825734303375,0.10000000000000002,0.1,True,1.24**2 * RBF(length_scale=5.37) + WhiteKernel(noise_level=0.1)
wat,RatQuad,f0.1,mutual_info,15,127,0.8240054726539088,0.7196883513461784,0.36041647167234264,40.09996005790564,3.16708544887845,0.10000000000000002,0.1,True,"1.06**2 * RationalQuadratic(alpha=1e+05, length_scale=2.43) + WhiteKernel(noise_level=0.1)"
wat,Matern25,f0.2,mutual_info,15,127,0.8233469886482697,0.7210334523140322,0.37495382283846884,30.963339312929783,4.101624786541253,0.2,0.2,True,"1.2**2 * Matern(length_scale=4.09, nu=2.5) + WhiteKernel(noise_level=0.2)"
wat,Matern25,f0.05,mutual_info,20,127,0.8225620160250516,0.7226336632344332,0.3442553014574855,54.02366274862172,2.3508217240090796,0.05000000000000001,0.05,True,"1.12**2 * Matern(length_scale=3.97, nu=2.5) + WhiteKernel(noise_level=0.05)"
wat,RatQuad,f0.1,mutual_info,25,127,0.8221362910706138,0.7235000472698666,0.3619104130482857,41.13135065459077,3.0876690888784424,0.10000000000000002,0.1,True,"1.24**2 * RationalQuadratic(alpha=1e+05, length_scale=5.37) + WhiteKernel(noise_level=0.1)"
wat,Matern15,f0.2,mutual_info,25,127,0.8218337987213018,0.7241150132418583,0.3997323803754001,31.76169237012023,3.998527487769357,0.2,0.2,True,"2.05**2 * Matern(length_scale=15.9, nu=1.5) + WhiteKernel(noise_level=0.2)"
wat,RatQuad,f1.0,rf_importance,25,127,0.8207936020336372,0.7262257554505454,0.4666649229934795,12.815802044030628,9.909641204169063,1.0,1.0,True,"0.961**2 * RationalQuadratic(alpha=6.95e+04, length_scale=6.01) + WhiteKernel(noise_level=1)"
wat,RBF,f1.0,rf_importance,25,127,0.820789577066247,0.7262339109031525,0.46666541676145873,12.815593207025671,9.909802687118454,1.0,1.0,True,0.961**2 * RBF(length_scale=6.01) + WhiteKernel(noise_level=1)
wat,Matern15,f0.1,mutual_info,20,127,0.8207811626065993,0.7262509601185634,0.36409366336321314,43.38263587851143,2.9274385345245117,0.10000000000000002,0.1,True,"1.34**2 * Matern(length_scale=6.56, nu=1.5) + WhiteKernel(noise_level=0.1)"
wat,Matern25,f0.2,mutual_info,25,127,0.8205249346652375,0.7267699326976689,0.3996812286544717,30.931536077018162,4.105842001631461,0.2,0.2,True,"1.57**2 * Matern(length_scale=9.61, nu=2.5) + WhiteKernel(noise_level=0.2)"
wat,RBF,f0.05,mutual_info,20,127,0.8201976212888065,0.7274323454991707,0.3507496145150862,52.700843589010745,2.4098285976295495,0.05000000000000001,0.05,True,1.02**2 * RBF(length_scale=2.81) + WhiteKernel(noise_level=0.05)
wat,RatQuad,f0.2,mutual_info,15,127,0.818416979615363,0.731025471476247,0.3800275917059943,30.542905459358394,4.158085096684442,0.2,0.2,True,"1.09**2 * RationalQuadratic(alpha=9.78, length_scale=2.93) + WhiteKernel(noise_level=0.2)"
wat,RBF,f0.2,mutual_info,15,127,0.818293123812595,0.7312747412380891,0.3812511553670653,30.49846572982491,4.164143899075054,0.2,0.2,True,1.07**2 * RBF(length_scale=2.86) + WhiteKernel(noise_level=0.2)
wat,Matern15,f1.0,rf_importance,20,127,0.8173136038201874,0.7332431188446183,0.4791503604741523,12.795349494572259,9.92548113311582,1.0,1.0,True,"1.2**2 * Matern(length_scale=10.1, nu=1.5) + WhiteKernel(noise_level=1)"
wat,Matern25,f0.1,mutual_info,20,127,0.8172940274826799,0.7332824042827997,0.3654019266619508,41.87619590269873,3.0327492090038537,0.10000000000000002,0.1,True,"1.19**2 * Matern(length_scale=4.78, nu=2.5) + WhiteKernel(noise_level=0.1)"
wat,RatQuad,f0.05,mutual_info,20,127,0.8172512923486269,0.7333681570614112,0.34927187761338574,52.99604956281354,2.3964050348596895,0.05000000000000001,0.05,True,"1.07**2 * RationalQuadratic(alpha=3.69, length_scale=2.97) + WhiteKernel(noise_level=0.05)"
wat,RBF,f0.2,mutual_info,25,127,0.8171609776170234,0.7335493505918902,0.4023460293483559,30.13914935325945,4.213788468660459,0.2,0.2,True,1.3**2 * RBF(length_scale=6.2) + WhiteKernel(noise_level=0.2)
wat,RatQuad,f0.2,mutual_info,25,127,0.8171297972984355,0.7336118955757472,0.4022785591373461,30.139192883340343,4.213782382679536,0.2,0.2,True,"1.3**2 * RationalQuadratic(alpha=1e+05, length_scale=6.2) + WhiteKernel(noise_level=0.2)"
wat,Matern25,f1.0,rf_importance,20,127,0.8136014869307404,0.7406552634638676,0.4799871143470375,12.41770874968914,10.227329579072247,1.0,1.0,True,"1.09**2 * Matern(length_scale=7.67, nu=2.5) + WhiteKernel(noise_level=1)"
wat,Matern15,f0.2,mutual_info,20,127,0.8128455751433228,0.7421555532602089,0.3974300368012891,31.507845402093125,4.03074213356281,0.2,0.2,True,"1.42**2 * Matern(length_scale=8.02, nu=1.5) + WhiteKernel(noise_level=0.2)"
wat,Matern15,f1.0,rf_importance,15,127,0.8117278524306167,0.7443684031127544,0.48953566980765606,11.816027530258442,10.748113075632132,1.0,1.0,True,"1.05**2 * Matern(length_scale=6.9, nu=1.5) + WhiteKernel(noise_level=1)"
wat,RBF,f0.1,mutual_info,20,127,0.8109633401584528,0.7458781915900051,0.3723890445423486,40.888105905179316,3.106037738566727,0.10000000000000002,0.1,True,1.06**2 * RBF(length_scale=3.31) + WhiteKernel(noise_level=0.1)
wat,RatQuad,f0.1,mutual_info,20,127,0.8099199717891652,0.7479337580399501,0.37054322167644094,41.02521399147616,3.095657222565296,0.10000000000000002,0.1,True,"1.12**2 * RationalQuadratic(alpha=4.23, length_scale=3.52) + WhiteKernel(noise_level=0.1)"
wat,Matern25,f0.2,mutual_info,20,127,0.8093240486613196,0.7491052704712948,0.4009588662444175,30.571891246116127,4.154142737771716,0.2,0.2,True,"1.24**2 * Matern(length_scale=5.71, nu=2.5) + WhiteKernel(noise_level=0.2)"
wat,Matern15,f0.5,mutual_info,25,127,0.807601377297737,0.752481576174891,0.4633664857851959,20.410889445615204,6.222168825047599,0.5,0.5,True,"1.76**2 * Matern(length_scale=15.4, nu=1.5) + WhiteKernel(noise_level=0.5)"
wat,Matern25,f1.0,rf_importance,15,127,0.8070005561843838,0.7536555825244162,0.49134277417327626,11.469996566998116,11.072365999254869,1.0,1.0,True,"0.984**2 * Matern(length_scale=5.47, nu=2.5) + WhiteKernel(noise_level=1)"
wat,RBF,f1.0,rf_importance,20,127,0.8069150319931842,0.7538225484074368,0.4831446856504405,12.107680892501532,10.489209381018044,1.0,1.0,True,0.958**2 * RBF(length_scale=5.41) + WhiteKernel(noise_level=1)
wat,RatQuad,f1.0,rf_importance,20,127,0.8069149612225623,0.7538226865551294,0.48314480670313,12.107595473044718,10.489283382711422,1.0,1.0,True,"0.958**2 * RationalQuadratic(alpha=1e+05, length_scale=5.41) + WhiteKernel(noise_level=1)"
wat,Matern25,f0.5,mutual_info,25,127,0.8051338428192539,0.7572915346471815,0.46496450012978907,19.84262945001162,6.400361419838217,0.5,0.5,True,"1.44**2 * Matern(length_scale=10.1, nu=2.5) + WhiteKernel(noise_level=0.5)"
wat,RatQuad,f0.2,mutual_info,20,127,0.8010172967359565,0.765248619873037,0.40782057789558224,30.110514433520205,4.217795756376006,0.2,0.2,True,"1.13**2 * RationalQuadratic(alpha=6.01, length_scale=4.06) + WhiteKernel(noise_level=0.2)"
wat,RBF,f0.2,mutual_info,20,127,0.8009662091692935,0.7653468499710128,0.40886064564155405,29.940736797479914,4.241712582393412,0.2,0.2,True,1.09**2 * RBF(length_scale=3.91) + WhiteKernel(noise_level=0.2)
wat,RBF,f0.5,mutual_info,25,127,0.800567448341377,0.7661131460714878,0.467693756458814,19.48877009393317,6.51657335931809,0.5,0.5,True,1.17**2 * RBF(length_scale=6.49) + WhiteKernel(noise_level=0.5)
wat,RatQuad,f0.5,mutual_info,25,127,0.800566561591089,0.7661148492796456,0.4676950073887833,19.488676068525585,6.51660479929195,0.5,0.5,True,"1.17**2 * RationalQuadratic(alpha=9.72e+04, length_scale=6.49) + WhiteKernel(noise_level=0.5)"
wat,Matern15,f0.5,mutual_info,15,127,0.7993416601395462,0.7684639505436506,0.45929110628421227,20.20325735848376,6.286115043061118,0.5,0.5,True,"1.25**2 * Matern(length_scale=6.26, nu=1.5) + WhiteKernel(noise_level=0.5)"
wat,RatQuad,f1.0,rf_importance,15,127,0.7985203430475563,0.7700350490871016,0.49812927655349165,11.120036085316633,11.420826247829913,1.0,1.0,True,"0.9**2 * RationalQuadratic(alpha=1e+05, length_scale=4.07) + WhiteKernel(noise_level=1)"
wat,RBF,f1.0,rf_importance,15,127,0.7985155782012802,0.7700441544156469,0.49813552106343045,11.120027504191766,11.420835061075751,1.0,1.0,True,0.9**2 * RBF(length_scale=4.07) + WhiteKernel(noise_level=1)
wat,Matern25,f0.5,mutual_info,15,127,0.7968746531635349,0.7731734842923198,0.46170088011669536,19.672751640271972,6.455629711708405,0.5,0.5,True,"1.15**2 * Matern(length_scale=4.77, nu=2.5) + WhiteKernel(noise_level=0.5)"
wat,Matern15,f0.5,mutual_info,20,127,0.7928097686462098,0.7808714226817124,0.46363725015976814,19.321793648640423,6.57288874467078,0.5,0.5,True,"1.4**2 * Matern(length_scale=9.55, nu=1.5) + WhiteKernel(noise_level=0.5)"
wat,RBF,f0.5,mutual_info,15,127,0.7894523023099531,0.7871729106728307,0.4717206110237722,18.9237852663158,6.711130897583111,0.5,0.5,True,1.07**2 * RBF(length_scale=3.56) + WhiteKernel(noise_level=0.5)
wat,RatQuad,f0.5,mutual_info,15,127,0.789422699894182,0.7872282458796317,0.47180977096971904,18.92392115229087,6.711082707329172,0.5,0.5,True,"1.07**2 * RationalQuadratic(alpha=1e+05, length_scale=3.56) + WhiteKernel(noise_level=0.5)"
wat,Matern25,f0.5,mutual_info,20,127,0.7892909610065619,0.7874744556045197,0.4672213872456497,18.74144675452541,6.776424555875544,0.5,0.5,True,"1.23**2 * Matern(length_scale=6.88, nu=2.5) + WhiteKernel(noise_level=0.5)"
wat,RBF,f0.5,mutual_info,20,127,0.7818811145586404,0.8012010810581511,0.47546667746702803,18.09765211725517,7.017484874676761,0.5,0.5,True,1.09**2 * RBF(length_scale=4.83) + WhiteKernel(noise_level=0.5)
wat,RatQuad,f0.5,mutual_info,20,127,0.781879905963653,0.8012033007794449,0.47547276780161735,18.098777620324,7.017048480521995,0.5,0.5,True,"1.09**2 * RationalQuadratic(alpha=3.17e+03, length_scale=4.83) + WhiteKernel(noise_level=0.5)"
wat,Matern15,f1.0,mutual_info,25,127,0.7781379699536026,0.8080465547967084,0.5383105309379195,14.31549760074848,8.871504403267117,1.0,1.0,True,"1.3**2 * Matern(length_scale=12, nu=1.5) + WhiteKernel(noise_level=1)"
wat,Matern25,f1.0,mutual_info,25,127,0.7766709224212732,0.8107137292826962,0.5377181660270627,13.895444400565344,9.139686097037165,1.0,1.0,True,"1.15**2 * Matern(length_scale=8.81, nu=2.5) + WhiteKernel(noise_level=1)"
wat,RatQuad,f1.0,mutual_info,25,127,0.7727088047990188,0.817873615026716,0.5401744167797026,13.57801485495899,9.353355505692114,1.0,1.0,True,"0.979**2 * RationalQuadratic(alpha=7.16e+04, length_scale=6) + WhiteKernel(noise_level=1)"
wat,RBF,f1.0,mutual_info,25,127,0.7727078341440915,0.8178753614036625,0.5401769510040044,13.57803656120798,9.353340553142637,1.0,1.0,True,0.979**2 * RBF(length_scale=6) + WhiteKernel(noise_level=1)
wat,Matern15,f1.0,mutual_info,20,127,0.763793853781813,0.8337589112452803,0.5503646142373377,13.356719201752265,9.508322970759085,1.0,1.0,True,"1.19**2 * Matern(length_scale=8.77, nu=1.5) + WhiteKernel(noise_level=1)"
wat,Matern25,f1.0,mutual_info,20,127,0.7617017482140105,0.8374431216388891,0.5531319826347785,12.892431203269036,9.850740950069804,1.0,1.0,True,"1.1**2 * Matern(length_scale=6.86, nu=2.5) + WhiteKernel(noise_level=1)"
wat,Matern15,f1.0,mutual_info,15,127,0.756981604954357,0.8456963688473383,0.5704814922877239,13.756501394857562,9.23199848236667,1.0,1.0,True,"0.959**2 * Matern(length_scale=5.26, nu=1.5) + WhiteKernel(noise_level=1)"
wat,RatQuad,f1.0,mutual_info,20,127,0.7567844612281409,0.8460393262894488,0.561537060647803,12.418164338953243,10.226954365680841,1.0,1.0,True,"0.992**2 * RationalQuadratic(alpha=1e+05, length_scale=5) + WhiteKernel(noise_level=1)"
wat,RBF,f1.0,mutual_info,20,127,0.7567795322403555,0.8460478991306386,0.5615413882819306,12.418183550400332,10.226938544156551,1.0,1.0,True,0.992**2 * RBF(length_scale=5) + WhiteKernel(noise_level=1)
wat,Matern25,f1.0,mutual_info,15,127,0.7543111035259271,0.8503303036599887,0.574488550851659,13.322478026864571,9.532761078224821,1.0,1.0,True,"0.931**2 * Matern(length_scale=4.43, nu=2.5) + WhiteKernel(noise_level=1)"
wat,RatQuad,f1.0,mutual_info,15,127,0.7467897023854188,0.8632479855059091,0.5883838183276839,12.592016857553105,10.085755239743126,1.0,1.0,True,"0.916**2 * RationalQuadratic(alpha=1e+05, length_scale=3.65) + WhiteKernel(noise_level=1)"
wat,RBF,f1.0,mutual_info,15,127,0.7467886846139669,0.863249720404294,0.588385364526427,12.592478002594461,10.085385892580781,1.0,1.0,True,0.916**2 * RBF(length_scale=3.65) + WhiteKernel(noise_level=1)
