Solvent Name,SMILES,Solvent Inchi
DIIODOMETHANE,C(I)I,InChI=1S/CH2I2/c2-1-3/h1H2
CIS-DECALIN,C1CCC2CCCCC2C1,"InChI=1S/C10H18/c1-2-6-10-8-4-3-7-9(10)5-1/h9-10H,1-8H2"
N-HEXADECANE,CCCCCCCCCCCCCCCC,"InChI=1S/C16H34/c1-3-5-7-9-11-13-15-16-14-12-10-8-6-4-2/h3-16H2,1-2H3"
N-PENTADECANE,CCCCCCCCCCCCCCC,"InChI=1S/C15H32/c1-3-5-7-9-11-13-15-14-12-10-8-6-4-2/h3-15H2,1-2H3"
DECALIN,C1CCC2CCCCC2C1,"InChI=1S/C10H18/c1-2-6-10-8-4-3-7-9(10)5-1/h9-10H,1-8H2"
N-DODECANE,CCCCCCCCCCCC,"InChI=1S/C12H26/c1-3-5-7-9-11-12-10-8-6-4-2/h3-12H2,1-2H3"
TRANS-DECALIN,C1CCC2CCCCC2C1,"InChI=1S/C10H18/c1-2-6-10-8-4-3-7-9(10)5-1/h9-10H,1-8H2"
HEXANOIC ACID,CCCCCC(=O)O,"InChI=1S/C6H12O2/c1-2-3-4-5-6(7)8/h2-5H2,1H3,(H,7,8)"
CYCLOHEXANE,C1CCCCC1,InChI=1S/C6H12/c1-2-4-6-5-3-1/h1-6H2
N-DECANE,CCCCCCCCCC,"InChI=1S/C10H22/c1-3-5-7-9-10-8-6-4-2/h3-10H2,1-2H3"
N-UNDECANE,CCCCCCCCCCC,"InChI=1S/C11H24/c1-3-5-7-9-11-10-8-6-4-2/h3-11H2,1-2H3"
"CIS-1,2-DIMETHYLCYCLOHEXANE",C[C@@H]1CCCC[C@@H]1C,"InChI=1S/C8H16/c1-7-5-3-4-6-8(7)2/h7-8H,3-6H2,1-2H3/t7-,8+"
N-NONANE,CCCCCCCCC,"InChI=1S/C9H20/c1-3-5-7-9-8-6-4-2/h3-9H2,1-2H3"
CYCLOPENTANE,C1CCCC1,InChI=1S/C5H10/c1-2-4-5-3-1/h1-5H2
N-OCTANE,CCCCCCCC,"InChI=1S/C8H18/c1-3-5-7-8-6-4-2/h3-8H2,1-2H3"
"1,4-DIOXANE",C1COCCO1,InChI=1S/C4H8O2/c1-2-6-4-3-5-1/h1-4H2
METHYLCYCLOHEXANE,CC1CCCCC1,"InChI=1S/C7H14/c1-7-5-3-2-4-6-7/h7H,2-6H2,1H3"
N-HEPTANE,CCCCCCC,"InChI=1S/C7H16/c1-3-5-7-6-4-2/h3-7H2,1-2H3"
PENTANOIC ACID,CCCCC(=O)O,"InChI=1S/C5H10O2/c1-2-3-4-5(6)7/h2-4H2,1H3,(H,6,7)"
N-HEXANE,CCCCCC,"InChI=1S/C6H14/c1-3-5-6-4-2/h3-6H2,1-2H3"
"2,4-DIMETHYLPENTANE",CC(C)CC(C)C,"InChI=1S/C7H16/c1-6(2)5-7(3)4/h6-7H,5H2,1-4H3"
N-PENTANE,CCCCC,"InChI=1S/C5H12/c1-3-5-4-2/h3-5H2,1-2H3"
2-METHYLPENTANE,CCCC(C)C,"InChI=1S/C6H14/c1-4-5-6(2)3/h6H,4-5H2,1-3H3"
"2,2,4-TRIMETHYLPENTANE",CC(C)CC(C)(C)C,"InChI=1S/C8H18/c1-7(2)6-8(3,4)5/h7H,6H2,1-5H3"
"E-1,2-DICHLOROETHENE",C(=C/Cl)\Cl,InChI=1S/C2H2Cl2/c3-1-2-4/h1-2H/b2-1+
TETRACHLOROETHENE,C(=C(Cl)Cl)(Cl)Cl,InChI=1S/C2Cl4/c3-1(4)2(5)6
PERFLUOROBENZENE,C1(=C(C(=C(C(=C1F)F)F)F)F)F,InChI=1S/C6F6/c7-1-2(8)4(10)6(12)5(11)3(1)9
1-HEXENE,CCCCC=C,"InChI=1S/C6H12/c1-3-5-6-4-2/h3H,1,4-6H2,2H3"
1-PENTENE,CCCC=C,"InChI=1S/C5H10/c1-3-5-4-2/h3H,1,4-5H2,2H3"
N-BUTYLBENZENE,CCCCC1=CC=CC=C1,"InChI=1S/C10H14/c1-2-3-7-10-8-5-4-6-9-10/h4-6,8-9H,2-3,7H2,1H3"
E-2-PENTENE,CC/C=C/C,"InChI=1S/C5H10/c1-3-5-4-2/h3,5H,4H2,1-2H3/b5-3+"
BUTANOIC ACID,CCCC(=O)O,"InChI=1S/C4H8O2/c1-2-3-4(5)6/h2-3H2,1H3,(H,5,6)"
SEC-BUTYLBENZENE,CCC(C)C1=CC=CC=C1,"InChI=1S/C10H14/c1-3-9(2)10-7-5-4-6-8-10/h4-9H,3H2,1-2H3"
P-ISOPROPYLTOLUENE,CC1=CC=C(C=C1)C(C)C,"InChI=1S/C10H14/c1-8(2)10-6-4-9(3)5-7-10/h4-8H,1-3H3"
TERT-BUTYLBENZENE,CC(C)(C)C1=CC=CC=C1,"InChI=1S/C10H14/c1-10(2,3)9-7-5-4-6-8-9/h4-8H,1-3H3"
"1,2,4-TRIMETHYLBENZENE",CC1=CC(=C(C=C1)C)C,"InChI=1S/C9H12/c1-7-4-5-8(2)9(3)6-7/h4-6H,1-3H3"
CARBON DISULFIDE,C(=S)=S,InChI=1S/CS2/c2-1-3
MESITYLENE,CC1=CC(=CC(=C1)C)C,"InChI=1S/C9H12/c1-7-4-8(2)6-9(3)5-7/h4-6H,1-3H3"
P-XYLENE,CC1=CC=C(C=C1)C,"InChI=1S/C8H10/c1-7-3-5-8(2)6-4-7/h3-6H,1-2H3"
ISOPROPYLBENZENE,CC(C)C1=CC=CC=C1,"InChI=1S/C9H12/c1-8(2)9-6-4-3-5-7-9/h3-8H,1-2H3"
M-XYLENE,CC1=CC(=CC=C1)C,"InChI=1S/C8H10/c1-7-4-3-5-8(2)6-7/h3-6H,1-2H3"
TETRALIN,C1CCC2=CC=CC=C2C1,"InChI=1S/C10H12/c1-2-6-10-8-4-3-7-9(10)5-1/h1-2,5-6H,3-4,7-8H2"
XYLENE,CC1=CC=CC=C1C,"InChI=1S/C8H10/c1-7-5-3-4-6-8(7)2/h3-6H,1-2H3"
"TETRAHYDROTHIOPHENE-S,S-DIOXIDE",C1CCS(=O)(=O)C1,InChI=1S/C4H8O2S/c5-7(6)3-1-2-4-7/h1-4H2
ETHYLBENZENE,CCC1=CC=CC=C1,"InChI=1S/C8H10/c1-2-8-6-4-3-5-7-8/h3-7H,2H2,1H3"
1-IODOHEXADECANE,CCCCCCCCCCCCCCCCI,"InChI=1S/C16H33I/c1-2-3-4-5-6-7-8-9-10-11-12-13-14-15-16-17/h2-16H2,1H3"
CARBON TETRACHLORIDE,C(Cl)(Cl)(Cl)Cl,"InChI=1S/CCl4/c2-1(3,4)5"
O-XYLENE,CC1=CC=CC=C1C,"InChI=1S/C8H10/c1-7-5-3-4-6-8(7)2/h3-6H,1-2H3"
TOLUENE,CC1=CC=CC=C1,"InChI=1S/C7H8/c1-7-5-3-2-4-6-7/h2-6H,1H3"
BENZENE,C1=CC=CC=C1,InChI=1S/C6H6/c1-2-4-6-5-3-1/h1-6H
THIOPHENE,C1=CSC=C1,InChI=1S/C4H4S/c1-2-4-5-3-1/h1-4H
PROPANOIC ACID,CCC(=O)O,"InChI=1S/C3H6O2/c1-2-3(4)5/h2H2,1H3,(H,4,5)"
DIBUTYLETHER,CCCCOCCCC,"InChI=1S/C8H18O/c1-3-5-7-9-8-6-4-2/h3-8H2,1-2H3"
1-HEXYNE,CCCCC#C,"InChI=1S/C6H10/c1-3-5-6-4-2/h1H,4-6H2,2H3"
TRIETHYLAMINE,CCN(CC)CC,"InChI=1S/C6H15N/c1-4-7(5-2)6-3/h4-6H2,1-3H3"
1-FLUOROOCTANE,CCCCCCCCF,"InChI=1S/C8H17F/c1-2-3-4-5-6-7-8-9/h2-8H2,1H3"
ANISOLE,COC1=CC=CC=C1,"InChI=1S/C7H8O/c1-8-7-5-3-2-4-6-7/h2-6H,1H3"
BROMOFORM,C(Br)(Br)Br,InChI=1S/CHBr3/c2-1(3)4/h1H
1-BROMOOCTANE,CCCCCCCCBr,"InChI=1S/C8H17Br/c1-2-3-4-5-6-7-8-9/h2-8H2,1H3"
IODOBENZENE,C1=CC=C(C=C1)I,InChI=1S/C6H5I/c7-6-4-2-1-3-5-6/h1-5H
ETHYL PHENYL ETHER,CCOC1=CC=CC=C1,"InChI=1S/C8H10O/c1-2-9-8-6-4-3-5-7-8/h3-7H,2H2,1H3"
TRICHLOROETHENE,C(=C(Cl)Cl)Cl,InChI=1S/C2HCl3/c3-1-2(4)5/h1H
"1,2-DIBROMOETHANE",C(CBr)Br,InChI=1S/C2H4Br2/c3-1-2-4/h1-2H2
O-CHLOROTOLUENE,CC1=CC=CC=C1Cl,"InChI=1S/C7H7Cl/c1-6-4-2-3-5-7(6)8/h2-5H,1H3"
DIPROPYLAMINE,CCCNCCC,"InChI=1S/C6H15N/c1-3-5-7-6-4-2/h7H,3-6H2,1-2H3"
THIOPHENOL,C1=CC=C(C=C1)S,"InChI=1S/C6H6S/c7-6-4-2-1-3-5-6/h1-5,7H"
1-IODOPENTANE,CCCCCI,"InChI=1S/C5H11I/c1-2-3-4-5-6/h2-5H2,1H3"
DIISOPROPYL ETHER,CC(C)OC(C)C,"InChI=1S/C6H14O/c1-5(2)7-6(3)4/h5-6H,1-4H3"
METHYL BENZOATE,COC(=O)C1=CC=CC=C1,"InChI=1S/C8H8O2/c1-10-8(9)7-5-3-2-4-6-7/h2-6H,1H3"
BROMOBENZENE,C1=CC=C(C=C1)Br,InChI=1S/C6H5Br/c7-6-4-2-1-3-5-6/h1-5H
PENTYL ETHANOATE,CCCCCOC(=O)C,"InChI=1S/C7H14O2/c1-3-4-5-6-9-7(2)8/h3-6H2,1-2H3"
1-CHLOROHEXANE,CCCCCCCl,"InChI=1S/C6H13Cl/c1-2-3-4-5-6-7/h2-6H2,1H3"
BUTYL ETHANOATE,CCCCOC(=O)C,"InChI=1S/C6H12O2/c1-3-4-5-8-6(2)7/h3-5H2,1-2H3"
1-BROMOPENTANE,CCCCCBr,"InChI=1S/C5H11Br/c1-2-3-4-5-6/h2-5H2,1H3"
1-IODOBUTANE,CCCCI,"InChI=1S/C4H9I/c1-2-3-4-5/h2-4H2,1H3"
IODOMETHANE,CI,InChI=1S/CH3I/c1-2/h1H3
A-CHLOROTOLUENE,C1=CC=C(C=C1)CCl,"InChI=1S/C7H7Cl/c8-6-7-4-2-1-3-5-7/h1-5H,6H2"
CHLOROBENZENE,C1=CC=C(C=C1)Cl,InChI=1S/C6H5Cl/c7-6-4-2-1-3-5-6/h1-5H
DIMETHYLSULFOXIDE,CS(=O)C,InChI=1S/C2H6OS/c1-4(2)3/h1-2H3
1-IODOPROPANE,CCCI,"InChI=1S/C3H7I/c1-2-3-4/h2-3H2,1H3"
METHYL BUTANOATE,CCCC(=O)OC,"InChI=1S/C5H10O2/c1-3-4-5(6)7-2/h3-4H2,1-2H3"
1-CHLOROPENTANE,CCCCCCl,"InChI=1S/C5H11Cl/c1-2-3-4-5-6/h2-5H2,1H3"
DIMETHYL DISULFIDE,CSSC,InChI=1S/C2H6S2/c1-3-4-2/h1-2H3
PROPYL ETHANOATE,CCCOC(=O)C,"InChI=1S/C5H10O2/c1-3-4-7-5(2)6/h3-4H2,1-2H3"
O-NITROTOLUENE,CC1=CC=CC=C1[N+](=O)[O-],"InChI=1S/C7H7NO2/c1-6-4-2-3-5-7(6)8(9)10/h2-5H,1H3"
IODOETHANE,CCI,"InChI=1S/C2H5I/c1-2-3/h2H2,1H3"
DIETHYL SULFIDE,CCSCC,"InChI=1S/C4H10S/c1-3-5-4-2/h3-4H2,1-2H3"
O-DICHLOROBENZENE,C1=CC=C(C(=C1)Cl)Cl,InChI=1S/C6H4Cl2/c7-5-3-1-2-4-6(5)8/h1-4H
METHYL PROPANOATE,CCC(=O)OC,"InChI=1S/C4H8O2/c1-3-4(5)6-2/h3H2,1-2H3"
TETRAHYDROFURAN,C1CCOC1,InChI=1S/C4H8O/c1-2-4-5-3-1/h1-4H2
METHYL ETHANOATE,CC(=O)OC,InChI=1S/C3H6O2/c1-3(4)5-2/h1-2H3
ETHYL ETHANOATE,CCOC(=O)C,"InChI=1S/C4H8O2/c1-3-6-4(2)5/h3H2,1-2H3"
DIETHYL ETHER,CCOCC,"InChI=1S/C4H10O/c1-3-5-4-2/h3-4H2,1-2H3"
DIPHENYLETHER,C1=CC=C(C=C1)OC2=CC=CC=C2,InChI=1S/C12H10O/c1-3-7-11(8-4-1)13-12-9-5-2-6-10-12/h1-10H
CYCLOHEXANONE,C1CCC(=O)CC1,InChI=1S/C6H10O/c7-6-4-2-1-3-5-6/h1-5H2
CYCLOPENTANONE,C1CCC(=O)C1,InChI=1S/C5H8O/c6-5-3-1-2-4-5/h1-4H2
DIETHYLAMINE,CCNCC,"InChI=1S/C4H11N/c1-3-5-4-2/h5H,3-4H2,1-2H3"
1-BROMOPROPANE,CCCBr,"InChI=1S/C3H7Br/c1-2-3-4/h2-3H2,1H3"
FLUOROBENZENE,C1=CC=C(C=C1)F,InChI=1S/C6H5F/c7-6-4-2-1-3-5-6/h1-5H
NITROMETHANE,C[N+](=O)[O-],InChI=1S/CH3NO2/c1-2(3)4/h1H3
1-BROMO-2-METHYLPROPANE,CC(C)CBr,"InChI=1S/C4H9Br/c1-4(2)3-5/h4H,3H2,1-2H3"
METHYL METHANOATE,COC=O,"InChI=1S/C2H4O2/c1-4-2-3/h2H,1H3"
DIBROMOMETHANE,C(Br)Br,InChI=1S/CH2Br2/c2-1-3/h1H2
ETHANETHIOL,CCS,"InChI=1S/C2H6S/c1-2-3/h3H,2H2,1H3"
NITROETHANE,CC[N+](=O)[O-],"InChI=1S/C2H5NO2/c1-2-3(4)5/h2H2,1H3"
NITROBENZENE,C1=CC=C(C=C1)[N+](=O)[O-],InChI=1S/C6H5NO2/c8-7(9)6-4-2-1-3-5-6/h1-5H
1-NITROPROPANE,CCC[N+](=O)[O-],"InChI=1S/C3H7NO2/c1-2-3-4(5)6/h2-3H2,1H3"
ACETOPHENONE,CC(=O)C1=CC=CC=C1,"InChI=1S/C8H8O/c1-7(9)8-5-3-2-4-6-8/h2-6H,1H3"
ETHYL METHANOATE,CCOC=O,"InChI=1S/C3H6O2/c1-2-5-3-4/h3H,2H2,1H3"
2-NITROPROPANE,CC(C)[N+](=O)[O-],"InChI=1S/C3H7NO2/c1-3(2)4(5)6/h3H,1-2H3"
BENZONITRILE,C1=CC=C(C=C1)C#N,InChI=1S/C7H5N/c8-6-7-4-2-1-3-5-7/h1-5H
2-CHLOROBUTANE,CCC(C)Cl,"InChI=1S/C4H9Cl/c1-3-4(2)5/h4H,3H2,1-2H3"
"1,1,1-TRICHLOROETHANE",CC(Cl)(Cl)Cl,"InChI=1S/C2H3Cl3/c1-2(3,4)5/h1H3"
1-CHLOROPROPANE,CCCCl,"InChI=1S/C3H7Cl/c1-2-3-4/h2-3H2,1H3"
"2,6-DIMETHYLPYRIDINE",CC1=NC(=CC=C1)C,"InChI=1S/C7H9N/c1-6-4-3-5-7(2)8-6/h3-5H,1-2H3"
PENTANAL,CCCCC=O,"InChI=1S/C5H10O/c1-2-3-4-5-6/h5H,2-4H2,1H3"
BROMOETHANE,CCBr,"InChI=1S/C2H5Br/c1-2-3/h2H2,1H3"
2-BROMOPROPANE,CC(C)Br,"InChI=1S/C3H7Br/c1-3(2)4/h3H,1-2H3"
2-OCTANONE,CCCCCCC(=O)C,"InChI=1S/C8H16O/c1-3-4-5-6-7-8(2)9/h3-7H2,1-2H3"
PENTYLAMINE,CCCCCN,"InChI=1S/C5H13N/c1-2-3-4-5-6/h2-6H2,1H3"
"1,1,2-TRICHLOROETHANE",C(C(Cl)Cl)Cl,"InChI=1S/C2H3Cl3/c3-1-2(4)5/h2H,1H2"
4-METHYLPYRIDINE,CC1=CC=NC=C1,"InChI=1S/C6H7N/c1-6-2-4-7-5-3-6/h2-5H,1H3"
"N,N-DIMETHYLFORMAMIDE",CN(C)C=O,"InChI=1S/C3H7NO/c1-4(2)3-5/h3H,1-2H3"
"2,4-DIMETHYLPYRIDINE",CC1=CC(=NC=C1)C,"InChI=1S/C7H9N/c1-6-3-4-8-7(2)5-6/h3-5H,1-2H3"
ACETIC ACID,CC(=O)O,"InChI=1S/C2H4O2/c1-2(3)4/h1H3,(H,3,4)"
3-METHYLPYRIDINE,CC1=CN=CC=C1,"InChI=1S/C6H7N/c1-6-3-2-4-7-5-6/h2-5H,1H3"
PYRIDINE,C1=CC=NC=C1,InChI=1S/C5H5N/c1-2-4-6-5-3-1/h1-5H
5-NONANONE,CCCCC(=O)CCCC,"InChI=1S/C9H18O/c1-3-5-7-9(10)8-6-4-2/h3-8H2,1-2H3"
2-METHYLPYRIDINE,CC1=CC=CC=N1,"InChI=1S/C6H7N/c1-6-4-2-3-5-7-6/h2-5H,1H3"
FORMAMIDE,C(=O)N,"InChI=1S/CH3NO/c2-1-3/h1H,(H2,2,3)"
2-HEPTANONE,CCCCCC(=O)C,"InChI=1S/C7H14O/c1-3-4-5-6-7(2)8/h3-6H2,1-2H3"
BENZALDEHYDE,C1=CC=C(C=C1)C=O,InChI=1S/C7H6O/c8-6-7-4-2-1-3-5-7/h1-6H
BUTANONITRILE,CCCC#N,"InChI=1S/C4H7N/c1-2-3-4-5/h2-3H2,1H3"
CHLOROFORM,C(Cl)(Cl)Cl,InChI=1S/CHCl3/c2-1(3)4/h1H
BUTANAL,CCCC=O,"InChI=1S/C4H8O/c1-2-3-4-5/h4H,2-3H2,1H3"
BUTYLAMINE,CCCCN,"InChI=1S/C4H11N/c1-2-3-4-5/h2-5H2,1H3"
4-HEPTANONE,CCCC(=O)CCC,"InChI=1S/C7H14O/c1-3-5-7(8)6-4-2/h3-6H2,1-2H3"
2-HEXANONE,CCCCC(=O)C,"InChI=1S/C6H12O/c1-3-4-5-6(2)7/h3-5H2,1-2H3"
PROPANONITRILE,CCC#N,"InChI=1S/C3H5N/c1-2-3-4/h2H2,1H3"
"N,N-DIMETHYLACETAMIDE",CC(=O)N(C)C,InChI=1S/C4H9NO/c1-4(6)5(2)3/h1-3H3
FORMIC ACID,C(=O)O,"InChI=1S/CH2O2/c2-1-3/h1H,(H,2,3)"
"1,2-DICHLOROETHANE",C(CCl)Cl,InChI=1S/C2H4Cl2/c3-1-2-4/h1-2H2
N-METHYLANILINE,CNC1=CC=CC=C1,"InChI=1S/C7H9N/c1-8-7-5-3-2-4-6-7/h2-6,8H,1H3"
4-METHYL-2-PENTANONE,CC(C)CC(=O)C,"InChI=1S/C6H12O/c1-5(2)4-6(3)7/h5H,4H2,1-3H3"
3-PENTANONE,CCC(=O)CC,"InChI=1S/C5H10O/c1-3-5(6)4-2/h3-4H2,1-2H3"
2-PENTANONE,CCCC(=O)C,"InChI=1S/C5H10O/c1-3-4-5(2)6/h3-4H2,1-2H3"
BUTANONE,CCC(=O)C,"InChI=1S/C4H8O/c1-3-4(2)5/h3H2,1-2H3"
ACETONITRILE,CC#N,InChI=1S/C2H3N/c1-2-3/h1H3
PROPYLAMINE,CCCN,"InChI=1S/C3H9N/c1-2-3-4/h2-4H2,1H3"
PROPANAL,CCC=O,"InChI=1S/C3H6O/c1-2-3-4/h3H,2H2,1H3"
"Z-1,2-DICHLOROETHENE",C(=C\Cl)\Cl,InChI=1S/C2H2Cl2/c3-1-2-4/h1-2H/b2-1-
DICHLOROMETHANE,C(Cl)Cl,InChI=1S/CH2Cl2/c2-1-3/h1H2
ACETONE,CC(=O)C,InChI=1S/C3H6O/c1-3(2)4/h1-2H3
O-CRESOL,CC1=CC=CC=C1O,"InChI=1S/C7H8O/c1-6-4-2-3-5-7(6)8/h2-5,8H,1H3"
ANILINE,C1=CC=C(C=C1)N,"InChI=1S/C6H7N/c7-6-4-2-1-3-5-6/h1-5H,7H2"
"1,2-ETHANEDIOL",C(CO)O,"InChI=1S/C2H6O2/c3-1-2-4/h3-4H,1-2H2"
TRIBUTYLPHOSPHATE,CCCCOP(=O)(OCCCC)OCCCC,"InChI=1S/C12H27O4P/c1-4-7-10-14-17(13,15-11-8-5-2)16-12-9-6-3/h4-12H2,1-3H3"
WATER,O,InChI=1S/H2O/h1H2
M-CRESOL,CC1=CC(=CC=C1)O,"InChI=1S/C7H8O/c1-6-3-2-4-7(8)5-6/h2-5,8H,1H3"
1-DECANOL,CCCCCCCCCCO,"InChI=1S/C10H22O/c1-2-3-4-5-6-7-8-9-10-11/h11H,2-10H2,1H3"
"2,2,2-TRIFLUOROETHANOL",C(C(F)(F)F)O,"InChI=1S/C2H3F3O/c3-2(4,5)1-6/h6H,1H2"
1-NONANOL,CCCCCCCCCO,"InChI=1S/C9H20O/c1-2-3-4-5-6-7-8-9-10/h10H,2-9H2,1H3"
1-OCTANOL,CCCCCCCCO,"InChI=1S/C8H18O/c1-2-3-4-5-6-7-8-9/h9H,2-8H2,1H3"
CYCLOPENTANOL,C1CCC(C1)O,"InChI=1S/C5H10O/c6-5-3-1-2-4-5/h5-6H,1-4H2"
BENZYL ALCOHOL,C1=CC=C(C=C1)CO,"InChI=1S/C7H8O/c8-6-7-4-2-1-3-5-7/h1-5,8H,6H2"
2-METHOXYETHANOL,COCCO,"InChI=1S/C3H8O2/c1-5-3-2-4/h4H,2-3H2,1H3"
1-HEPTANOL,CCCCCCCO,"InChI=1S/C7H16O/c1-2-3-4-5-6-7-8/h8H,2-7H2,1H3"
1-HEXANOL,CCCCCCO,"InChI=1S/C6H14O/c1-2-3-4-5-6-7/h7H,2-6H2,1H3"
2-METHYL-2-PROPANOL,CC(C)(C)O,"InChI=1S/C4H10O/c1-4(2,3)5/h5H,1-3H3"
1-PENTANOL,CCCCCO,"InChI=1S/C5H12O/c1-2-3-4-5-6/h6H,2-5H2,1H3"
N-METHYLFORMAMIDE,CNC=O,"InChI=1S/C2H5NO/c1-3-2-4/h2H,1H3,(H,3,4)"
2-BUTANOL,CCC(C)O,"InChI=1S/C4H10O/c1-3-4(2)5/h4-5H,3H2,1-2H3"
1-BUTANOL,CCCCO,"InChI=1S/C4H10O/c1-2-3-4-5/h5H,2-4H2,1H3"
2-PROPEN-1-OL,C=CCO,"InChI=1S/C3H6O/c1-2-3-4/h2,4H,1,3H2"
2-METHYL-1-PROPANOL,CC(C)CO,"InChI=1S/C4H10O/c1-4(2)3-5/h4-5H,3H2,1-2H3"
2-PROPANOL,CC(C)O,"InChI=1S/C3H8O/c1-3(2)4/h3-4H,1-2H3"
1-PROPANOL,CCCO,"InChI=1S/C3H8O/c1-2-3-4/h4H,2-3H2,1H3"
ETHANOL,CCO,"InChI=1S/C2H6O/c1-2-3/h3H,2H2,1H3"
METHANOL,CO,"InChI=1S/CH4O/c1-2/h2H,1H3"
